id,nome,numero,amostra,coleta,entrada,tipo1_ativo,tipo1_id,ph,tipo2_ativo,tipo2_id,Temperatura,tipo3_ativo,tipo3_id,Turbidez,tipo4_ativo,tipo4_id,Cor,tipo5_ativo,tipo5_id,Temperatura Ar,tipo6_ativo,tipo6_id,Nitrato,tipo7_ativo,tipo7_id,Nitrito,tipo8_ativo,tipo8_id,Nitrogênio Amoniacal Total,tipo9_ativo,tipo9_id,OD,tipo10_ativo,tipo10_id,DBO,concluido,processo_id,tipo_padrao,ponto,conclusao,tipo11_ativo,tipo11_id,Cloreto,tipo12_ativo,tipo12_id,Clorofila a,tipo13_ativo,tipo13_id,Fósforo Total,tipo14_ativo,tipo14_id,Salinidade,tipo15_ativo,tipo15_id,Condutividade elétrica,tipo16_ativo,tipo16_id,Sólidos suspensos totais,tipo17_ativo,tipo17_id,Sólidos totais dissolvidos,tipo18_ativo,tipo18_id,Sólidos totais,tipo19_ativo,tipo19_id,Coliformes Termotolerantes,tipo20_ativo,tipo20_id,Alcalinidade total,itens,data_conclusao,dentro,tipo21_ativo,tipo21_id,Alcalinidade em Hidrogênio,tipo22_ativo,tipo22_id,Alcalinidade em Carbonato,tipo23_ativo,tipo23_id,Alcalinidade em Bicarbonato,tipo24_ativo,tipo24_id,tipo24_resultado,tipo25_ativo,tipo25_id,Sulfato,legenda_padrao,emitido,impresso,x,y,processo_id2,fisicoquimica,codigo_instituicao,codigo_hidro,latitude,longitude,tipo26_ativo,tipo26_id,tipo26_resultado,tipo27_ativo,tipo27_id,tipo27_resultado,tipo28_ativo,tipo28_id,tipo28_resultado,tipo29_ativo,tipo29_id,tipo29_resultado,tipo30_ativo,tipo30_id,tipo30_resultado,hora_coleta,hora_entra_laboratorio,demanda,parametro_tipologia_id
5620,Águas Salobras Classe 1,36/2014,Água da captação para carcinicultura,2014-01-29 00:00:00,2014-01-29 00:00:00,True,167,7.7,True,108,28,True,227,52,True,201,16,True,194,14.6,True,118,70.6,True,177,87,True,47,1.4,False,0,,True,202,8.6,True,192343,para Classe 2 pela Resolução CONAMA 357/05,Captação,"Dentre as análises efetuadas, a amostra apresentou os parâmetros <b>Cor, Turbidez, Fósforo Total, Nitrogênio Amoniacal Total, Nitrato e OD</b> em desacordo com os padrões estabelecidos  para Classe 1 pela Resolução CONAMA 357/05",True,170,1.6,True,171,0.06,True,206,441,True,116,4.7,True,175,11.5,False,0,,True,122,500,True,176,25217.6,False,0,,False,0,,20,2014-02-06 14:05:32.318946,0.0,False,0,,False,0,,False,0,,False,0,,False,0,,"Padrões estabelecidos pela Resolução CONAMA Nº. 357/05, para águas salobras classe 1.<br><b>(NMP)</b> – Número mais provável.      <b>ND</b> - Não Determinado.",True,True,,,,True,,,,,,,,,,,,,,,,,,,,,,,
5693,Lançamento no Solo - Fontes Poluidoras,126/2014,Efluente Sanitário Tratado.,2014-02-25 00:00:00,2014-02-25 00:00:00,True,360,7600,False,0,,False,0,,False,0,,False,0,,False,0,,False,0,,True,27,&#8805;16000,False,0,,False,0,,True,208315,pela Portaria SEMACE 154/02 Art.4°,Saída do Biodigestor.,"Dentre as análises efetuadas, a amostra apresentou os parâmetros <b> Condutividade Elétrica e Coliformes Fecais</b> em desacordo com os padrões estabelecidos pela Portaria SEMACE 154/02 Art.6°.",False,0,,False,0,,False,0,,False,0,,False,0,,False,0,,False,0,,False,0,,False,0,,False,0,,10,2014-03-24 15:52:06.8562,0.0,False,0,,False,0,,False,0,,False,0,,False,0,,"Padrões SEMACE para reutilização de efluentes de origem doméstica em atividades agronômicas (irrigação e drenagem, dessedentação de animais e aquicultura)",True,True,,,,True,,,,,,,,,,,,,,,,,,,,,,,
5699,Águas Salinas Classe 1,146/2014,Efluente de Carcinicultura.,2014-03-06 00:00:00,2014-03-06 00:00:00,True,167,7.5,True,108,32.3,True,169,651,True,201,64.6,True,134,39.3,True,118,58.6,True,177,84,True,203,0.23,False,0,,True,202,8.7,True,204799,para Classe 2 pela Resolução CONAMA 357/05,Bacia de Sedimentação.,"Dentre as análises efetuadas, a amostra apresentou os parâmetros <b> Turbidez, Fósforo Total, Nitrog&#7869;nio Amoniacal Total e Nitrato </b> em desacordo com os padrões estabelecidos pela Resolução CONAMA 357/05.",False,0,,False,0,,True,170,2.2,True,171,< LD,True,206,125,True,174,10.9,True,175,13.1,True,176,2249002.6,False,0,,False,0,,25,2014-03-14 09:28:19.269468,0.0,False,0,,False,0,,True,122,Zero,False,0,,False,0,,"Padrões estabelecidos pela Resolução CONAMA Nº. 357/05, para águas salinas classe 1.<br><b>(NMP)</b> – Número mais provável.  <b> (< LD) </b> - Menor que o limite de detecção.",True,True,,,,True,,,,,,,,,,,,,,,,,,,,,,,
5774,Águas Salobras Classe 1,59/2014,Água de Açude.,2014-01-10 00:00:00,2014-01-10 00:00:00,True,167,10.1,True,108,33,True,227,406,True,201,51,True,194,0.6,True,212,1060,True,177,104,True,47,1.3,False,0,,True,202,0.6,True,",",para Classe 2 pela Resolução CONAMA 357/05,Ponto 04: Parede do açude Luis Carlos - margem esquerda.Pacajus/CE,"Dentre as análises efetuadas, a amostra apresentou os parâmetros <b>pH, Cor, Turbidez, Fósforo Total, Nitrogênio Amoniacal Total e Nitrato</b> em desacordo com os padrões estabelecidos  pela Resolução CONAMA 357/05.",True,170,1,True,171,< LD,True,206,5,True,116,15.7,True,175,37,False,0,,True,122,Zero,True,176,284,False,0,,False,0,,20,2014-04-04 16:22:59.691602,0.0,False,0,,False,0,,False,0,,False,0,,False,0,,"Padrões estabelecidos pela Resolução CONAMA Nº. 357/05, para águas salobras classe 1.<br><b>(NMP)</b> – Número mais provável.      <b>ND</b> - Não Determinado. <b>LD</b> - Limite de Detecção",True,True,558396.0,9539582.0,,True,,,,,,,,,,,,,,,,,,,,,,,
5843,Águas Salobras Classe 1,201/2014,Água Rio Maranguapinho.,2014-03-18 00:00:00,2014-03-18 00:00:00,True,167,7,True,108,27,True,227,101,True,201,8,True,194,1,True,118,1.02,True,177,14,True,47,8.1,True,265,0.1,True,202,6.4,True,",",para Classe 2 pela Resolução CONAMA 357/05,Bacia Metropolitana - Av. Vital Brasil ( Margem Esquerda - Bairro: Granja). Fortaleza/CE.,"Dentre as análises efetuadas, a amostra apresentou os parâmetros <b>Cor, Turbidez, Fósforo Total, Nitrogênio Amoniacal Total, Nitrato, Nitrito, OD, Coliformes Termotolerantes e Substância Solúveis em Hexano</b> em desacordo com os padrões estabelecidos pela Resolução CONAMA 357/05.",True,170,9,True,171,4.2,True,206,60,True,116,1,True,175,16,True,154,88,True,122,,True,176,232,True,157,22,True,102,1100,25,2014-04-08 13:00:01.662346,0.0,False,0,,False,0,,False,0,,False,0,,False,0,,"Padrões estabelecidos pela Resolução CONAMA Nº. 357/05, para águas salobras classe 1.<br><b>(NMP)</b> – Número mais provável.      <b>ND</b> - Não Determinado.",True,True,544865.0,9582434.0,,True,,,,,,,,,,,,,,,,,,,,,,,
5876,Águas Salobras Classe 1,,Água.,2014-04-08 00:00:00,2014-04-08 00:00:00,True,167,8.2,True,108,31,True,227,165,True,201,17,True,194,0.7,True,94,1339,True,177,ND,True,47,0.01,False,0,,True,202,0.3,False,,para Classe 2 pela Resolução CONAMA 357/05,Canal de Abastecimento.,"Dentre as análises efetuadas, a amostra apresentou os parâmetros <b>Cor, Turbidez e Nitrato</b> em desacordo com os padrões estabelecidos pela Resolução CONAMA 357/05",True,170,0.5,True,171,0.01,True,206,29,True,116,9,True,175,13,False,0,,True,122,80,True,176,317,False,0,,False,0,,20,2014-04-16 11:13:24.164223,0.0,False,0,,False,0,,False,0,,False,0,,False,0,,"Padrões estabelecidos pela Resolução CONAMA Nº. 357/05, para águas salobras classe 1.<br><b>(NMP)</b> – Número mais provável.      <b>(ND)</b> - Não Determinado.",False,True,,,,True,,,,,,,,,,,,,,,,,,,,,,,
5936,Lançamento no Solo - Fontes Poluidoras,309/2014,Efluente Industrial Tratado.,2014-05-08 00:00:00,2014-05-08 00:00:00,True,16,7.2,True,17,33,True,18,Zero,True,21,Ausente,True,23,486.4,True,25,534,True,126,0.7,True,27,,True,24,18,True,290,10,True,148089,pela Portaria SEMACE 154/02 Art.4°,Saída Final da ETE.,"Dentre as análises efetuadas, a amostra apresentou os parâmetros  <b>Sólidos em Suspensão, DQO e Coliformes Fecais </b> em desacordo com os padrões estabelecidos  pela Portaria SEMACE 154/02 Art.4°.",True,147,21,True,252,0.6,False,0,,False,0,,False,0,,False,0,,False,0,,False,0,,False,0,,False,0,,15,2014-05-12 16:48:49.34943,0.0,False,0,,False,0,,False,0,,False,0,,False,0,,Padrões SEMACE para lançamento em Recursos Hídricos e Solo.,True,True,,,,True,,,,,,,,,,,,,,,,,,,,,,,
5951,Água doce Classe 2 – Ambiente Lótico,301/2014,Água do rio Jaguaribe.,2014-05-07 00:00:00,2014-05-08 00:00:00,True,105,7.7,True,106,1.4,True,107,29,True,108,26,True,109,0.1,True,110,0.04,True,111,0.2,True,112,1,True,116,8.3,True,117,1.7,True,",",para Classe 2 pela Resolução CONAMA 357/05,"Bacia do Médio Jaguaribe - Sob a ponte da CE-269, à jusante da barragem do Castanhão. Nova Jaguaribara/CE.","Dentre as análises efetuadas, a amostra apresentou o parâmetro <b>Fósforo Total</b> em desacordo com o padrão estabelecido pela Resolução CONAMA 357/05.",True,94,296,True,119,37,True,120,2,True,156,0.4,True,122,20,True,308,0.2,True,102,191,False,0,,False,0,,False,0,,20,2014-05-16 09:40:35.210549,0.0,False,0,,False,0,,False,0,,False,0,,False,0,,"Padrões estabelecidos pela Resolução CONAMA Nº. 357/05, para águas doces Classe 2.   <br><b>(NMP)</b> – Número mais provável",True,True,562788.0,9395023.0,,True,,,,,,,,,,,,,,,,,,,,,,,
5954,Água doce Classe 2 – Ambiente Lêntico,299/2014,Água da Lagoa do Batoque.,2014-05-07 00:00:00,2014-05-07 00:00:00,True,105,7.3,True,108,28.9,True,107,429,True,106,2.1,True,109,1.7,True,110,< LD,True,153,1.3,True,112,LD,True,116,2.7,True,117,14,True,120936,para Classe 2 pela Resolução CONAMA 357/05,Ponto 04: Barraca da Odete.Aquiraz/CE.,"Dentre as análises efetuadas, a amostra apresentou os parâmetros <b>Cor, OD, DBO e Fósforo Total </b> em desacordo com os padrões estabelecidos  pela Resolução CONAMA 357/05.",True,94,492,True,308,0.2,True,119,87,True,120,3,True,158,0.75,False,0,,True,102,235,True,122,40,False,0,,False,0,,25,2014-05-16 15:50:08.948376,0.0,False,0,,False,0,,False,0,,False,0,,False,0,,"Padrões estabelecidos pela Resolução CONAMA Nº. 357/05, para águas doces Classe 2, ambiente lêntico.<br><b>(NMP)</b> – Número mais provável.      <b>(ND)</b> - Não Determinado.",True,True,,,,True,,,,,,,,,,,,,,,,,,,,,,,
6036,Potabilidade,401/2014,Água adicionada de sais.,2014-05-29 00:00:00,2014-05-30 00:00:00,True,71,6,True,72,< LD,True,75,0.15,True,108,29,True,76,8,True,78,Ausência,True,79,Ausência,True,80,8,True,82,22,True,83,4,True,190977,pela Portaria 2914/11 do Ministério da Saúde.,Saída do equipamento de envase.,"Dentre as análises efetuadas, a amostra apresentou-se de acordo com os padrões estabelecidos pela Portaria 2914/11 do Ministério da Saúde.",True,84,3,True,86,7,True,87,5,True,90,1.5,True,91,0.004,True,92,0.4,True,93,Zero,True,94,43,True,95,0.01,True,99,3,25,2014-06-02 14:48:07.399838,1.0,True,103,21,True,263,Zero,False,0,,False,0,,False,0,,Padrão de potabilidade estabelecido pela Portaria 2914/11 do Ministério da Saúde <br>  <br><b>(NMP)</b> – Número mais provável <b>(LD)</b> - Limite de Detecção,True,True,,,,True,,,,,,,,,,,,,,,,,,,,,,,
6046,Água doce Classe 2 – Ambiente Lótico,395/2014,Água do rio Poti.,2014-05-27 00:00:00,2014-05-28 00:00:00,True,105,9,True,106,3.5,True,107,99,True,108,30,True,109,0.3,True,110,0.002,True,111,0.3,True,112,Zero,True,116,8.5,True,117,3.5,True,",",para Classe 2 pela Resolução CONAMA 357/05,"Bacia do Parnaíba - À montante do lançamento da ETE maratoã (CAGECE), na sede do município.Crateús/CE","Dentre as análises efetuadas, a amostra apresentou os parâmetros <b>Cor e Fósforo Total</b> em desacordo com os padrões estabelecidos pela Resolução CONAMA 357/05.",True,94,144.4,True,119,16.3,True,120,16,True,156,0.4,True,122,Zero,True,308,0.1,True,102,10,False,0,,False,0,,False,0,,20,2014-06-05 13:58:02.311639,0.0,False,0,,False,0,,False,0,,False,0,,False,0,,"Padrões estabelecidos pela Resolução CONAMA Nº. 357/05, para águas doces Classe 2.  <br><b>(NMP)</b> – Número mais provável",True,True,316081.0,9426330.0,,True,,,,,,,,,,,,,,,,,,,,,,,
6067,Potabilidade,407/2014,Água Tratada.,2014-06-03 00:00:00,2014-06-04 00:00:00,True,71,7.9,True,72,32,True,75,4.2,True,351,2,True,76,90,True,78,Ausência,True,79,Ausência,True,80,90,True,82,140,True,83,29.5,True,169613,pela Portaria 2914/11 do Ministério da Saúde.,Torneira da adultora da rede de distribuição da ETA. Bela Cruz/CE.,"Dentre as análises efetuadas, a amostra apresentou-se de acordo com os padrões estabelecidos pela Portaria 2914/11 do Ministério da Saúde.",True,84,17.9,True,86,42,True,87,40.5,True,90,2.3,True,91,0.003,True,92,0.8,True,93,< LD,True,94,306,True,95,0.3,True,99,2,25,2014-06-06 13:59:03.02595,1.0,True,103,146.8,True,263,Zero,False,0,,False,0,,False,0,,Padrão de potabilidade estabelecido pela Portaria 2914/11 do Ministério da Saúde  <br> <b>(NMP)</b> – Número mais provável. <b> (LD)</b> - menor que o limite de detecção.,True,True,,,,True,,,,,,,,,,,,,,,,,,,,,,,
6125,Potabilidade,462/2014,Água Mineral Natural Litorágua.,2014-07-08 00:00:00,2014-07-08 00:00:00,False,0,,False,0,,False,0,,False,0,,False,0,,False,0,,False,0,,False,0,,False,0,,False,0,,True,",",pela Portaria 2914/11 do Ministério da Saúde.,Garrafão Litorágua 20 L - Lote 68.,"Dentre as análises efetuadas, a amostra apresentou-se de acordo com os padrões estabelecidos  pela Portaria 2914/11 do Ministério da Saúde.",False,0,,False,0,,False,0,,False,0,,False,0,,False,0,,False,0,,False,0,,False,0,,False,0,,25,2014-07-10 13:36:03.817332,1.0,False,0,,True,263,Zero,False,0,,False,0,,False,0,,Padrão de potabilidade estabelecido pela Portaria 2914/11 do Ministério da Saúde  <br> <b>(NMP)</b> – Número mais provável,True,True,,,,False,,,,,,,,,,,,,,,,,,,,,,,
6201,ETE - Lagoa de Estabilização,,Efluente tratado.,2014-08-12 00:00:00,2014-08-13 00:00:00,True,28,8.7,True,31,28,True,32,Zero,True,33,Ausente,True,34,43,False,0,,True,42,12,True,41,3.4,True,40,79.7,False,0,,False,,"pela Portaria SEMACE 154/02 Art.4°, § 2°.",Saída final da lagoa de estabilização - Sede Paracuru/CE.,"Dentre as análises efetuadas, a amostra apresentou-se de acordo com os padrões estabelecidos  pela Portaria SEMACE 154/02 Art.4°, § 2°.",True,126,0.1,True,39,4.4,True,43,40,False,0,,False,0,,False,0,,False,0,,False,0,,False,0,,False,0,,15,2014-08-27 10:14:35.496472,1.0,False,0,,False,0,,False,0,,False,0,,False,0,,Padrões SEMACE para lançamento em Recursos Hídricos.,False,True,,,,True,,,,,,,,,,,,,,,,,,,,,,,
6209,Lançamento no Solo - Fontes Poluidoras,535/2014,Efluente.,2014-08-19 00:00:00,2014-08-19 00:00:00,True,16,7.9,True,17,27,True,18,2.5,True,21,Ausente,True,23,44,True,25,252.5,True,126,0.08,True,27,,True,24,102.4,False,0,,True,",",pela Portaria SEMACE 154/02 Art.4°,FP 29 - Setor Oeste - Galeria pluvial próxima ao ponto de coleta “Colônia” (balneabilidade das praias).Fortaleza/CE.,"Dentre as análises efetuadas, a amostra apresentou os parâmetros <b>Mat. Sedimentáveis, Coliformes Fecais, DQO e Subst. Solúveis em Hexano</b> em desacordo com os padrões estabelecidos  pela Portaria SEMACE 154/02 Art.4°",False,0,,False,0,,False,0,,False,0,,False,0,,False,0,,False,0,,False,0,,False,0,,False,0,,10,2014-09-11 13:51:11.734947,0.0,False,0,,False,0,,False,0,,False,0,,False,0,,Padrões SEMACE para lançamento em Recursos Hídricos e Solo.,True,True,547948.0,9590302.0,,True,,,,,,,,,,,,,,,,,,,,,,,
6281,Águas Salinas Classe 1,649/2014,Água.,2014-09-15 00:00:00,2014-09-16 00:00:00,True,167,8.3,True,108,29,True,169,37,True,201,2.6,True,134,43.6,True,118,74.3,True,177,1,True,203,0.07,False,0,,True,202,0.06,True,208200,para Classe 2 pela Resolução CONAMA 357/05,Canal de Abastecimento.,"Dentre as análises efetuadas, a amostra apresentou os parâmetros <b>Turbidez e Fósforo Total</b> em desacordo com os padrões estabelecidos pela Resolução CONAMA 357/05",False,0,,False,0,,True,170,0.4,True,171,Zero,True,206,119,True,174,8.7,True,175,1.5,True,176,24618,False,0,,False,0,,25,2014-09-30 13:54:41.22856,0.0,False,0,,False,0,,True,122,Zero,False,0,,False,0,,"Padrões estabelecidos pela Resolução CONAMA Nº. 357/05, para águas salinas classe 1.<br><b>(NMP)</b> – Número mais provável.      <b>(ND)</b> - Não Determinado.",True,True,,,,True,,,,,,,,,,,,,,,,,,,,,,,
6463,Águas Salinas Classe 1,769/2014,Água.,2014-11-20 00:00:00,2014-11-20 00:00:00,True,167,7.7,True,108,27,True,169,45,True,201,2.8,True,134,42,True,118,68,True,177,1,True,203,0.19,True,175,ND,True,202,0.1,True,195741,para Classe 2 pela Resolução CONAMA 357/05,Canal de Abastecimento.,"Dentre as análises efetuadas, a amostra apresentou os parâmetros <b>Turbidez, Fósforo Total e Nitrato</b> em desacordo com os padrões estabelecidos pela Resolução CONAMA 357/05.",False,0,,False,0,,True,170,0.5,True,171,0.003,True,206,2524,True,174,6.5,False,0,,True,176,19795,False,0,,False,0,,25,2014-11-27 15:16:28.320533,0.0,False,0,,False,0,,True,122,Zero,False,0,,False,0,,"Padrões estabelecidos pela Resolução CONAMA Nº. 357/05, para águas salinas classe 1.<br><b>(NMP)</b> – Número mais provável.      <b>(ND)</b> - Não Determinado.",True,True,,,,True,,,,,,,,,,,,,,,,,,,,,,,
6507,Água doce Classe 2 – Ambiente Lêntico,794/2014,Água do Rio Jaguaribe.,2014-12-02 00:00:00,2014-12-03 00:00:00,True,105,9.1,True,108,30,True,107,10,True,106,1.5,True,109,0.2,True,110,0.004,True,153,0.01,True,112,Zero,True,116,8.2,True,117,ND,True,220835,para Classe 2 pela Resolução CONAMA 357/05,Canal de Abastecimento.,"Dentre as análises efetuadas, a amostra apresentou os parâmetros <b>pH e Fósforo Total</b> em desacordo com os padrões estabelecidos pela Resolução CONAMA 357/05.",True,94,424,True,308,0.2,True,119,52.5,True,120,4,True,158,0.12,False,0,,False,0,,True,122,110,False,0,,False,0,,25,2014-12-15 13:13:50.314754,0.0,False,0,,False,0,,False,0,,False,0,,False,0,,"Padrões estabelecidos pela Resolução CONAMA Nº. 357/05, para águas doces Classe 2, ambiente lêntico.<br><b>(NMP)</b> – Número mais provável.  <b>(ND)</b> - Não Determinado.",True,True,,,,True,,,,,,,,,,,,,,,,,,,,,,,
6541,Água doce Classe 2 – Ambiente Lêntico,803/2014,Efluente de Carcinicultura.,2014-12-03 00:00:00,2014-12-04 00:00:00,True,105,8.7,True,108,29.8,True,107,1954,True,106,297,True,109,4.8,True,110,0.1,True,153,3.5,True,112,4,True,116,6.7,True,117,ND,True,196498,para Classe 2 pela Resolução CONAMA 357/05,Canal de Drenagem.,"Dentre as análises efetuadas, a amostra apresentou os parâmetros<b> Cor, Turbidez, Nitrogênio Amoniacal Total e Fósforo total</b> em desacordo com os padrões estabelecidos pela Resolução CONAMA 357/05.",True,94,968,True,308,0.4,True,119,47.5,True,120,7,True,158,0.89,False,0,,False,0,,True,122,20,False,0,,False,0,,25,2014-12-22 11:32:54.484616,0.0,False,0,,False,0,,False,0,,False,0,,False,0,,"Padrões estabelecidos pela Resolução CONAMA Nº. 357/05, para águas doces Classe 2. <br><b>(NMP)</b> – Número mais provável.      <b>(ND)</b> - Não Determinado.",True,True,,,,True,,,,,,,,,,,,,,,,,,,,,,,
6716,Potabilidade,22/2015,Água de Poço.,2015-02-03 00:00:00,2015-02-03 00:00:00,True,71,6.4,True,72,443,True,75,49.3,True,208,22.4,True,76,58,True,78,Ausente,True,79,Ausente,True,80,58,True,82,20,True,83,3.2,True,243262,pela Portaria 2914/11 do Ministério da Saúde.,Ponto 03 - Poço da Mandala.,"Dentre as análises efetuadas, a amostra apresentou os parâmetros <b> Cor, Turbidez, Ferro e Coliformes Termotolerantes </b> em desacordo com os padrões estabelecidos  pela Portaria 2914/11 do Ministério da Saúde.",True,84,2.9,True,86,58.8,True,87,51.8,True,90,5.4,True,91,0.01,True,92,1.2,True,93,0.8,True,94,321,True,95,1.13,True,99,5,25,2015-03-13 11:45:05.805757,0.0,True,103,158.8,True,263,,False,0,,False,0,,False,0,,Padrão de potabilidade estabelecido pela Portaria 2914/11 do Ministério da Saúde   <br><b>(NMP)</b> – Número mais provável,True,True,,,,True,,,,,,,,,,,,,,,,,,,,,,,
6763,Modelo Padrão DIs,108/2015,Efluente Industrial Tratado,2015-04-07 00:00:00,2015-04-07 00:00:00,True,1,8.3,True,2,42.1,True,3,0.1,True,126,1.8,True,146,12.8,True,149,396,False,0,,False,0,,False,0,,False,0,,True,",",pela Portaria SEMACE 154/02 Art.2°,Caixa de inspeção empresa Filati Indústria de Malhas - Av Parque Norte - 2 - 570 - Distrito Industrial I. Maracanaú/CE.,"Dentre as análises efetuadas, a amostra apresentou os parâmetros <b> Temperatura e Sulfeto </b> em desacordo com os padrões estabelecidos  pela Portaria SEMACE 154/02 Art.2°",False,0,,False,0,,False,0,,False,0,,False,0,,False,0,,False,0,,False,0,,False,0,,False,0,,10,2016-03-10 09:58:54.155626,0.0,False,0,,False,0,,False,0,,False,0,,False,0,,Padrões SEMACE para lançamento na Rede Pública de Esgoto e Distritos Industriais.,True,True,,,,True,,,,,,,,,,,,,,,,,,,,,,,
6810,Água doce Classe 2 – Ambiente Lótico,158/2015,Água do rio Malcozinhado.,2015-05-05 00:00:00,2015-05-06 00:00:00,True,105,6.5,True,106,20.9,True,107,457,True,108,30.8,True,109,1.8,True,110,0.5,True,111,1.1,True,112,Zero,True,116,3.1,True,117,4.2,True,",",para Classe 2 pela Resolução CONAMA 357/05,Bacia Metropolitana - Sob a ponte da rodovia CE-283 que liga Cascavel a Caponga (1º ponto sentido Cascavel/Caponga).Cascavel/CE,"Dentre as análises efetuadas, a amostra apresentou os parâmetros <b> Cor, OD e Fósforo Total </b> em desacordo com os padrões estabelecidos pela Resolução CONAMA 357/05.",True,94,359,True,119,118,True,120,5,True,156,0.7,True,122,40,True,308,0.2,True,102,352,False,0,,False,0,,False,0,,20,2015-05-18 14:16:14.745888,0.0,False,0,,False,0,,False,0,,False,0,,False,0,,"Padrões estabelecidos pela Resolução CONAMA Nº. 357/05, para águas doces Classe 2.   <br><b>(NMP)</b> – Número mais provável",True,True,583370.0,9546118.0,,True,,,,,,,,,,,,,,,,,,,,,,,
6868,Água doce Classe 2 – Ambiente Lótico,198/2015,Água do rio Jaguaribe.,2015-05-20 00:00:00,2015-05-21 00:00:00,True,105,7.2,True,106,2.5,True,107,35,True,108,29,True,109,0.7,True,110,0.002,True,111,0.1,True,112,Zero,True,116,6,True,117,4,True,",",para Classe 2 pela Resolução CONAMA 357/05,"Bacia do Baixo Jaguaribe - Junção do rio Jaguaribe com rio Banabuiú, à jusante do lançamento do efluente da ETE do SAAE no Sítio do Laurinho. Limoeiro do Norte/CE.","Dentre as análises efetuadas, a amostra apresentou os parâmetros <b>Fósforo Total e Coliformes Termotolerantes</b> em desacordo com os padrões estabelecidos pela Resolução CONAMA 357/05.",True,94,443,True,119,32,True,120,ND,True,156,4.9,True,122,9000,True,308,0.1,True,102,288,False,0,,False,0,,False,0,,20,2015-06-08 16:45:26.260033,0.0,False,0,,False,0,,False,0,,False,0,,False,0,,"Padrões estabelecidos pela Resolução CONAMA Nº. 357/05, para águas doces Classe 2.   <br><b>(NMP)</b> – Número mais provável. <b>(ND)</b> - Não Determinado.",True,True,599635.0,9433381.0,,True,,,,,,,,,,,,,,,,,,,,,,,
6873,Lançamento no Solo - Fontes Poluidoras,223/2015,Efluente de Lavagem de Veículos.,2015-06-01 00:00:00,2015-06-02 00:00:00,True,16,7,True,17,32.2,True,18,Zero,True,21,Ausente,True,23,39.2,True,25,80.8,True,126,0.1,True,27,Zero,True,24,4,True,96,0.3,True,241661,pela Portaria SEMACE 154/02 Art.4°,Separador de água e óleo - SAO.,"Dentre as análises efetuadas, a amostra apresentou-se de acordo com os padrões estabelecidos  pela Portaria SEMACE 154/02 Art.4°",False,0,,False,0,,False,0,,False,0,,False,0,,False,0,,False,0,,False,0,,False,0,,False,0,,10,2015-06-08 16:39:12.408502,1.0,False,0,,False,0,,False,0,,False,0,,False,0,,Padrões SEMACE para lançamento em Recursos Hídricos e Solo.,True,True,,,,True,,,,,,,,,,,,,,,,,,,,,,,
6908,Águas Salinas Classe 1,253/2015,Água.,2015-05-24 00:00:00,2015-06-25 00:00:00,True,167,8.3,True,108,32.2,True,169,65,True,201,4.8,True,194,4.1,True,118,8.47,True,177,11,True,47,0.63,True,240,513,True,202,1.2,True,253286,para Classe 2 pela Resolução CONAMA 357/05,Mapa P10.,"Dentre as análises efetuadas, a amostra apresentou os parâmetros <b> Turbidez, Fósforo Total, Nitrogênio Amoniacal      Total, Subst.Solúveis em Hexano, Nitrito e Coliformes Termotolerantes </b> em desacordo com os padrões estabelecidos   pela Resolução CONAMA 357/05.",True,21,Ausente,True,157,4.4,True,170,0.4,True,171,0.335,True,206,78,True,316,12.8,True,175,8.6,True,176,2226.8,True,274,115.5,True,187,10.4,25,2015-07-17 08:38:26.107783,0.0,True,267,0.01,False,0,,True,122,16000,False,0,,False,0,,"Padrões estabelecidos pela Resolução CONAMA Nº. 357/05, para águas salobras classe 1.<br><b>(NMP)</b> – Número mais provável.      <b>(ND)</b> - Não Determinado.",True,True,528791.0,9586860.0,,True,,,,,,,,,,,,,,,,,,,,,,,
7010,Água doce Classe 2 – Ambiente Lêntico,348/2015,Água do Açude Castanhão.,2015-08-06 00:00:00,2015-08-07 00:00:00,True,105,6.4,True,108,27,True,107,8,True,106,1.2,True,109,0.3,True,110,0.002,True,153,0.09,True,112,13,True,116,6.7,True,117,1,True,239343,para Classe 2 pela Resolução CONAMA 357/05,P53 - Superfície (Manhã) - Açude Público Padre Cícero - Município de Nova Jaguaribara/CE.,"Dentre as análises efetuadas, a amostra apresentou o parâmetro <b>Fósforo Total</b> em desacordo com o padrão estabelecido pela Resolução CONAMA 357/05.",True,94,287,False,0,,True,119,51,True,120,12,True,158,0.15,True,59,0.13,True,102,252,True,122,Zero,False,0,,False,0,,25,2015-08-21 13:48:41.850849,0.0,False,0,,False,0,,False,0,,False,0,,False,0,,"Padrões estabelecidos pela Resolução CONAMA Nº. 357/05, para águas doces Classe 2, ambiente lêntico.<br><b>(NMP)</b> – Número mais provável.      ",True,True,553518393.0,9391447221.0,,True,,,,,,,,,,,,,,,,,,,,,,,
7230,Potabilidade,540/2015,Água.,2015-11-04 00:00:00,2015-11-04 00:00:00,True,71,5.6,True,72,2,True,75,0.24,True,96,,True,76,6,True,78,Ausente,True,79,Ausente,True,80,6,True,82,158,True,83,24,True,",",pela Portaria 2914/11 do Ministério da Saúde.,"Poço Profundo - Rua 16 Casa 194,Conjunto Nova Assunção - Vila Velha - Fortaleza/CE","Dentre as análises efetuadas, a amostra apresentou os parâmetros <b> pH e Nitrato </b> em desacordo com os padrões estabelecidos  pela Portaria 2914/11 do Ministério da Saúde.",True,84,23.8,True,86,116.6,True,87,78.4,True,90,12,True,91,0.005,True,92,38,True,93,0.06,True,94,761,True,95,0.02,True,99,17,25,2015-11-17 16:15:16.354973,0.0,True,103,370,True,263,Zero,False,0,,False,0,,False,0,,Padrão de potabilidade estabelecido pela Portaria 2914/11 do Ministério da Saúde   <b>(NMP)</b> – Número mais provável,True,True,,,,True,,,,,,,,,,,,,,,,,,,,,,,
7231,Lançamento no Solo - Fontes Poluidoras,548/2015,Efluente industrial tratado,2015-11-09 00:00:00,2015-11-10 00:00:00,True,16,7.1,True,17,30.1,True,18,Zero,True,21,Ausente,True,23,72.8,True,25,993.5,True,126,0.7,True,27,16000,True,24,8.8,True,290,86.2,True,234143,pela Portaria SEMACE 154/02 Art.4°,Saída final da E.T.E,"Dentre as análises efetuadas, a amostra apresentou os parâmetros <b> DQO,  Coliformes Fecais   e   Amônia Total </b> em desacordo com os padrões estabelecidos  pela Portaria SEMACE N.° 154/02, Art.4°",True,125,7,False,0,,False,0,,False,0,,False,0,,False,0,,False,0,,False,0,,False,0,,False,0,,15,2015-11-18 13:39:13.497341,0.0,False,0,,False,0,,False,0,,False,0,,False,0,,Padrões SEMACE para lançamento em recursos hídricos e solo.,True,True,,,,True,,,,,,,,,,,,,,,,,,,,,,,
7253,Lançamento no Solo - Fontes Poluidoras,581/2015,Efluente Industrial Tratado.,2015-10-19 00:00:00,2015-10-20 00:00:00,True,16,7.6,True,17,28.3,True,18,Zero,True,21,Ausente,True,23,2,True,25,12,True,126,0.01,True,27,Zero,True,24,12.8,True,147,4,True,220735,pela Portaria SEMACE 154/02 Art.4°,Saída do Caixa de Inspeção.,"Dentre as análises efetuadas, a amostra apresentou-se de acordo com os padrões estabelecidos  pela Portaria SEMACE 154/02 Art.4°",True,290,< LD,False,0,,False,0,,False,0,,False,0,,False,0,,False,0,,False,0,,False,0,,False,0,,15,2015-11-26 11:00:05.995872,1.0,False,0,,False,0,,False,0,,False,0,,False,0,,Padrões SEMACE para lançamento em recursos hídricos e solo.<br> <b> (NMP)</b> - Número mais provável. <b> (LD) </b> - Limite de detecção.,True,True,,,,True,,,,,,,,,,,,,,,,,,,,,,,
7307,Água doce Classe 2 – Ambiente Lótico,552/2015,Água do rio Jaguaribe.,2015-11-09 00:00:00,2015-11-10 00:00:00,True,105,8.5,True,106,3.5,True,107,39,True,108,28.1,True,109,0.3,True,110,0.01,True,111,0.1,True,112,Zero,True,116,8.7,True,117,2,True,",",para Classe 2 pela Resolução CONAMA 357/05,"Bacia do Médio Jaguaribe - Sob a ponte da Rodovia CE-269, à jusante da Barragem do Açude Castanhão.Nova Jaguaribara/CE.","Dentre as análises efetuadas, a amostra apresentou os parâmetros<b> Fósforo Total e Coliformes Termotolerantes</b> em desacacordo com os padrões estabelecidos pela Resolução CONAMA 357/05.",True,94,414,True,119,64.7,True,120,ND,True,310,0.2,True,122,1300,True,102,320,True,527,0.2,False,0,,False,0,,False,0,,20,2018-10-11 14:06:08.403075,0.0,False,0,,False,0,,False,0,,False,0,,False,0,,"Padrões estabelecidos pela Resolução CONAMA Nº. 357/05, para águas doces Classe 2.   <br><b>(NMP)</b> - Número mais provável. <b> (ND) </b> - Não Determinado.",True,True,562788.0,9395023.0,,True,,,,,,,,,,,,,,,,,,,,,,,
7401,Água doce Classe 2 – Ambiente Lótico,39/2016,Água do Rio Choró.,2016-02-16 00:00:00,2016-02-16 00:00:00,True,105,7.6,True,106,3.3,True,107,44,True,108,29.2,True,109,0.2,True,110,0.004,True,111,0.18,True,112,5,True,116,6.3,True,117,4.3,True,",",para Classe 2 pela Resolução CONAMA 357/05,"Bacia Metropolitana - Sob a ponte da Rodovia BR-116, Km 66, na sede do município de Chorozinho/CE.","Dentre as análises efetuadas, a amostra apresentou os parâmetros  <b> Fósforo Total e Sólidos Totais Dissolvidos </b> em desacordo com os padrões estabelecidos  pela Resolução CONAMA N.° 357/05.",True,212,911,True,119,208,True,120,ND,True,156,0.22,True,122,500,True,308,0.45,True,102,1352,True,273,3.2,True,184,1352,True,441,28.7,20,2016-03-22 09:08:11.282231,0.0,False,0,,False,0,,False,0,,False,0,,False,0,,"Padrões estabelecidos pela Resolução CONAMA Nº. 357/05, para águas doces Classe 2.  <br> <b>(NMP)</b> – Número Mais Provável. <b>(ND)</b> - Não Determinado",True,True,555451.0,9523890.0,,True,,,,,,,,,,,,,,,,,,,,,,,
7449,Águas Salobras Classe 1,78/2016,Água do rio Ceará.,2016-02-25 00:00:00,2016-02-25 00:00:00,True,167,7.8,True,108,28.3,True,227,74,True,201,6.5,True,194,8.8,True,118,16.3,True,177,ND,True,47,1.3,True,102,14860,True,202,5.3,True,",",para Classe 2 pela Resolução CONAMA 357/05,"Bacia Metropolitana - Na foz do rio, na Av. Cel Carvalho, Barra do Ceará, após Estação Elevatória da CAGECE.Fortaleza/CE","Dentre as análises efetuadas, a amostra apresentou os parâmetros <b> Cor, Turbidez, Fósforo Total, Nitrogênio Amoniacal Total, Nitrito, Coliformes Termotolerantes e Subst. Solúveis em Hexano </b> em desacordo com os padrões estabelecidos  pela Resolução CONAMA N.° 357/05",True,170,0.2,True,171,0.211,True,206,458,True,116,7,True,175,6.1,True,154,19.8,True,122,,True,176,4820,True,157,24.8,False,0,,20,2017-03-06 09:32:22.699781,0.0,False,0,,False,0,,False,0,,False,0,,False,0,,"Padrões estabelecidos pela Resolução CONAMA Nº. 357/05, para águas salobras classe 1.<br><b>(NMP)</b> – Número Mais Provável.      <b>(ND)</b> - Não Determinado.",True,True,545498.0,9590810.0,,True,,,,,,,,,,,,,,,,,,,,,,,
7620,Água doce Classe 2 – Ambiente Lótico,263/2016,Água do rio Jaguaribe.,2016-05-10 00:00:00,2016-05-11 00:00:00,True,105,8.3,True,106,0.6,True,107,20,True,108,29.8,True,109,2.6,True,110,0.01,True,111,0.01,True,112,Zero,True,116,7.7,True,117,1.8,True,",",para Classe 2 pela Resolução CONAMA 357/05,"Bacia do Medio Jaguaribe, na passagem molhada do Sítio França, no ponto de encontro do Rio Salgado com o Rio Jaguaribe - Distrito de Cruzeirinho - Icó/CE","Dentre as análises efetuadas, a amostra apresentou o parâmetro <b> Fósforo Total </b> em desacordo com o padrão estabelecido pela Resolução CONAMA N.° 357/05.",True,94,443,True,119,55.4,True,120,ND,True,156,0.4,True,122,Zero,True,308,0.2,True,102,274,False,0,,False,0,,False,0,,20,2016-06-15 14:27:08.608084,0.0,False,0,,False,0,,False,0,,False,0,,False,0,,"Padrões estabelecidos pela Resolução CONAMA Nº. 357/05, para águas doces Classe 2.  <br> <b>(NMP)</b> – Número Mais Provável. <b> (ND) </b> -Não Determinado",True,True,527369.0,9308790.0,,True,,,,,,,,,,,,,,,,,,,,,,,
7625,Lançamento no Solo - Fontes Poluidoras,344/2016,Efluente industrial tratado,2016-06-09 00:00:00,2016-06-09 00:00:00,True,16,7.6,True,17,31,True,18,Zero,True,21,Ausente,True,23,1.6,True,25,< LD,True,126,Zero,True,27,Zero,True,24,10.6,True,290,0.25,True,280182,pela Portaria SEMACE 154/02 Art.4°,Saída final da ETE,"Dentre as análises efetuadas, a amostra apresentou-se de acordo com os padrões estabelecidos  pela Portaria SEMACE N.° 154/02, Art.4°",True,147,75,True,252,0.5,False,0,,False,0,,False,0,,False,0,,False,0,,False,0,,False,0,,False,0,,15,2016-06-14 13:11:30.958872,1.0,False,0,,False,0,,False,0,,False,0,,False,0,,Padrões SEMACE para lançamento em recursos hídricos e solo. <b>(LD)</b> - Limite de Detecção. <br><b>(NMP)</b> - Número Mais Provável.,True,True,,,,True,,,,,,,,,,,,,,,,,,,,,,,
7632,Água doce Classe 2 – Ambiente Lótico,274/2016,Água do Rio Curu,2016-05-12 00:00:00,2016-05-13 00:00:00,True,105,7.3,True,106,15.9,True,107,351,True,108,31,True,109,1.8,True,110,0.004,True,111,0.7,True,112,13,True,116,7.1,True,117,1.4,True,",",para Classe 2 pela Resolução CONAMA 357/05,"Bacia do Curu, à jusante da captação do DNOCS-2, a 6 km da sede municipal - Paraipaba/CE.","Dentre as análises efetuadas, a amostra apresentou os parâmetros <b>Cor e Fósforo Total</b> em desacordo com os padrões estabelecidos pela Resolução CONAMA N.° 357/05.",True,94,934,True,119,244.4,True,120,ND,True,121,1,True,122,340,True,186,16,True,308,0.46,True,184,460,True,102,624,True,441,30,20,2016-06-16 08:50:30.097671,0.0,False,0,,False,0,,False,0,,False,0,,False,0,,"Padrões estabelecidos pela Resolução CONAMA Nº. 357/05, para águas doces Classe 2.   <b>(NMP)</b> – Número Mais Provável.   <br><b>(ND)</b> - Não Determinado.",True,True,483080.0,9614076.0,,True,,,,,,,,,,,,,,,,,,,,,,,
7664,Lançamento no Solo - Fontes Poluidoras,352/2016,Efluente industrial tratado.,2016-06-14 00:00:00,2016-06-14 00:00:00,True,16,8.5,True,17,28.1,True,18,Zero,True,21,Ausente,True,23,6.4,True,25,130,True,126,0.01,True,27,3000,True,24,13.6,True,291,15.3,True,282481,pela Portaria SEMACE 154/02 Art.4°,Caixa de inspeção.,"Dentre as análises efetuadas, a amostra apresentou o parâmetro<b> Amônia Total </b> em desacordo com o padrão estabelecido pela Portaria SEMACE N.° 154/02, Art.4°.",True,147,103,False,0,,False,0,,False,0,,False,0,,False,0,,False,0,,False,0,,False,0,,False,0,,15,2016-06-21 10:12:35.639994,0.0,False,0,,False,0,,False,0,,False,0,,False,0,,Padrões SEMACE para lançamento em recursos hídricos e solo.<br> <b>(NMP)</b> - Numero Mais Provável.,True,True,,,,True,,,,,,,,,,,,,,,,,,,,,,,
7717,Potabilidade,175/2016,Água da praia.,2016-04-08 00:00:00,2016-04-08 00:00:00,True,71,,True,72,,True,75,,True,96,,True,76,,True,78,,True,79,,True,80,,True,82,,True,83,,True,",",pela Portaria 2914/11 do Ministério da Saúde.,Ponto 46 - Barraca Estrela do Mar - Majorlândia.Aracati/CE.,"Dentre as análises efetuadas, a amostra apresentou-se de acordo com o padrão estabelecido pela Resolução CONAMA Nº 274/2000.",True,84,,True,86,,True,87,,True,90,,True,91,,True,92,,True,93,,True,94,,True,95,,True,99,,25,2016-07-01 11:05:09.94527,1.0,True,103,,True,122,Zero,False,0,,False,0,,False,0,,Padrão estabelecido pela Resolução CONAMA Nº 274/2000.<br><b>(NMP)</b> – Número mais provável,True,True,647530.0,9496526.0,,False,,,,,,,,,,,,,,,,,,,,,,,
7723,Potabilidade,169/2016,Água da praia.,2016-04-08 00:00:00,2016-04-08 00:00:00,True,71,,True,72,,True,75,,True,96,,True,76,,True,78,,True,79,,True,80,,True,82,,True,83,,True,",",pela Portaria 2914/11 do Ministério da Saúde.,Ponto 40 - Pousada Oca dos Índios - Tabubinha.Beberibe/CE.,"Dentre as análises efetuadas, a amostra apresentou-se de acordo com o padrão estabelecido pela Resolução CONAMA Nº 274/2000.",True,84,,True,86,,True,87,,True,90,,True,91,,True,92,,True,93,,True,94,,True,95,,True,99,,25,2016-07-01 11:10:06.264414,1.0,True,103,,True,122,Zero,False,0,,False,0,,False,0,,Padrão estabelecido pela Resolução CONAMA Nº 274/2000.<br><b>(NMP)</b> – Número mais provável,True,True,597243.0,9442586.0,,False,,,,,,,,,,,,,,,,,,,,,,,
7735,Potabilidade,157/2016,Água da praia.,2016-04-06 00:00:00,2016-04-06 00:00:00,True,71,,True,72,,True,75,,True,96,,True,76,,True,78,,True,79,,True,80,,True,82,,True,83,,True,",",pela Portaria 2914/11 do Ministério da Saúde.,Ponto 56 - Restaurante do Milton - Lagoinha. Paraipaba/CE.,"Dentre as análises efetuadas, a amostra apresentou-se de acordo com o padrão estabelecido pela Resolução CONAMA Nº 274/2000.",True,84,,True,86,,True,87,,True,90,,True,91,,True,92,,True,93,,True,94,,True,95,,True,99,,25,2016-07-01 11:31:52.763572,1.0,True,103,,False,0,,True,122,800,False,0,,False,0,,Padrão estabelecido pela Resolução CONAMA Nº 274/2000.<br><b>(NMP)</b> – Número mais provável,True,True,484315.0,9630296.0,,False,,,,,,,,,,,,,,,,,,,,,,,
7747,Potabilidade,145/2016,Água de praia,2016-04-05 00:00:00,2016-04-05 00:00:00,True,71,,True,72,,True,75,,True,96,,True,76,,True,78,,True,79,,True,80,,True,82,,True,83,,True,",",pela Portaria 2914/11 do Ministério da Saúde.,61 - Barraca da Lúcia - Almofala - Itarema/CE,"Dentre as análises efetuadas, a amostra apresentou-se de acordo com o padrão estabelecido pela Resolução CONAMA Nº 274/2000.",True,84,,True,86,,True,87,,True,90,,True,91,,True,92,,True,93,,True,94,,True,95,,True,99,,25,2016-07-05 14:34:14.144365,1.0,True,103,,False,0,,True,122,300,False,0,,False,0,,Padrão estabelecido pela Resolução CONAMA Nº 274/2000.<b>(NMP)</b> – Número Mais Provável,True,True,408623.0,9675982.0,,False,,,,,,,,,,,,,,,,,,,,,,,
7920,Resolução CONAMA 274/2000 - Balneabilidade,534/2016,Água de praia,2016-08-16 00:00:00,2016-08-16 00:00:00,True,446,534,False,0,,False,0,,False,0,,False,0,,False,0,,False,0,,False,0,,False,0,,False,0,,True,",",Resolução CONAMA 274/2000,05L - Posto 5 - Entre a Praça 31 de Março e o Posto dos Bombeiros 04 - Fortaleza/CE.,Para avaliação do interessado.,False,0,,False,0,,False,0,,False,0,,False,0,,False,0,,False,0,,False,0,,False,0,,False,0,,25,2016-08-23 09:14:26.849607,1.0,False,0,,False,0,,False,0,,False,0,,False,0,,Metodologia de acordo com a Resolução CONAMA Nº 274/2000.,True,True,561309.0,9585906.0,,False,,,,,,,,,,,,,,,,,,,,,,,
7963,Resolução CONAMA 274/2000 - Balneabilidade,584/2016,Água de praia,2016-08-22 00:00:00,2016-08-22 00:00:00,True,446,9000,False,0,,False,0,,False,0,,False,0,,False,0,,False,0,,False,0,,False,0,,False,0,,True,",",Resolução CONAMA 274/2000,12C - Posto 12 - Entre a Praia dos Botes e o Farol - Fortaleza/CE.,Para avaliação do interessado.,False,0,,False,0,,False,0,,False,0,,False,0,,False,0,,False,0,,False,0,,False,0,,False,0,,25,2016-08-24 08:53:53.778046,1.0,False,0,,False,0,,False,0,,False,0,,False,0,,Metodologia de acordo com a Resolução CONAMA Nº 274/2000.,True,True,558220.0,9589022.0,,False,,,,,,,,,,,,,,,,,,,,,,,
7964,Resolução CONAMA 274/2000 - Balneabilidade,594/2016,Água de praia.,2016-08-22 00:00:00,2016-08-22 00:00:00,True,446,20,False,0,,False,0,,False,0,,False,0,,False,0,,False,0,,False,0,,False,0,,False,0,,True,",",Resolução CONAMA 274/2000,Posto 22 - Entre a Rua Padre Mororó e a Av. Alberto Nepomuceno - Fortaleza/CE,Para avaliação do interessado.,False,0,,False,0,,False,0,,False,0,,False,0,,False,0,,False,0,,False,0,,False,0,,False,0,,25,2016-08-24 08:54:53.576225,1.0,False,0,,False,0,,False,0,,False,0,,False,0,,Metodologia de acordo com a Resolução CONAMA Nº 274/2000.,True,True,552091.0,9588928.0,,False,,,,,,,,,,,,,,,,,,,,,,,
7981,Resolução CONAMA 274/2000 - Balneabilidade,574/2016,Água de praia,2016-08-22 00:00:00,2016-08-22 00:00:00,True,446,8,False,0,,False,0,,False,0,,False,0,,False,0,,False,0,,False,0,,False,0,,False,0,,True,",",Resolução CONAMA 274/2000,02L - Posto 2 - Entre os Postos dos Bombeiros 07 e 08 - Fortaleza/CE.,Para avaliação do interessado.,False,0,,False,0,,False,0,,False,0,,False,0,,False,0,,False,0,,False,0,,False,0,,False,0,,25,2016-08-24 09:14:53.631701,1.0,False,0,,False,0,,False,0,,False,0,,False,0,,Metodologia de acordo com a Resolução CONAMA Nº 274/2000.,True,True,562300.0,9584014.0,,False,,,,,,,,,,,,,,,,,,,,,,,
8115,Água doce Classe 2 – Ambiente Lótico,526/2016,Água do Rio Jaguaribe.,2016-08-11 00:00:00,2016-08-12 00:00:00,True,105,7.9,True,106,3.7,True,107,38,True,108,33,True,109,1.3,True,110,0.003,True,111,0.13,True,112,Zero,True,116,5.8,True,117,3.5,True,",",para Classe 2 pela Resolução CONAMA 357/05,"Bacia do Alto Jaguaribe -Sob a ponte do Rio Jaguaribe na CE-187, Km 458.Arneiroz/CE.","Dentre as análises efetuadas, a amostra apresentou o parâmetro <b>Fósforo Total</b> em desacordo com o padrão estabelecido pela Resolução CONAMA 357/05.",True,212,579,True,119,93,True,120,ND,True,310,0.12,True,122,260,True,186,2.8,True,308,0.28,True,184,281,True,102,346,True,441,33,20,2016-09-21 16:36:23.780899,0.0,False,0,,False,0,,False,0,,False,0,,False,0,,"Padrões estabelecidos pela Resolução CONAMA Nº. 357/05, para águas doces Classe 2.   <br><b>(NMP)</b> – Número mais provável. <b>(ND)</b>  -  Determinado.",True,True,371013.0,9301206.0,,True,,,,,,,,,,,,,,,,,,,,,,,
8161,Águas Salobras Classe 1,477/2016,Água do rio Maranguapinho.,2016-08-04 00:00:00,2016-08-04 00:00:00,True,167,7.6,True,108,26.6,True,227,613,True,201,22.5,True,194,0.7,True,212,1576,True,177,ND,True,47,5.1,True,265,ND,True,202,19.4,True,",",para Classe 2 pela Resolução CONAMA 357/05,"Bacia Metropolitana - Tabapuá/Caucaia. Próximo a divisa municipal com Fortaleza, margem esquerda, à jusante do Frifor.","Dentre as análises efetuadas, a amostra apresentou os parâmetros <b> Cor, Turbidez, Fósforo Total, Nitrogênio Amoniacal Total, Nitrato, OD, Coliformes Termotolerantes e Subst.Solúveis em Hexano </b> em desacordo com os padrões estabelecidos  pela Resolução CONAMA 357/05.",True,170,1.5,True,171,0.01,True,206,46,True,116,1,True,175,56,True,154,93,True,122,,True,176,274,True,157,16.8,True,102,1222,20,2018-03-23 13:24:14.450289,0.0,False,0,,False,0,,False,0,,False,0,,False,0,,"Padrões estabelecidos pela Resolução CONAMA Nº. 357/05, para águas salobras classe 1.<br><b>(NMP)</b> – Número mais provável.      <b>(ND)</b> - Não Determinado.",True,True,544274.0,9586466.0,,True,,,,,,,,,,,,,,,,,,,,,,,
8198,Resolução CONAMA 274/2000 - Balneabilidade,793/2016,Água de praia,2016-09-20 00:00:00,2016-09-20 00:00:00,True,446,Zero,False,0,,False,0,,False,0,,False,0,,False,0,,False,0,,False,0,,False,0,,False,0,,True,",",Resolução CONAMA 274/2000,15C - Posto 15 - Entre a Volta da Jurema e a foz do Riacho Maceió - Fortaleza/CE.,Para avaliação do interessado.,False,0,,False,0,,False,0,,False,0,,False,0,,False,0,,False,0,,False,0,,False,0,,False,0,,25,2016-09-22 10:45:41.570713,1.0,False,0,,False,0,,False,0,,False,0,,False,0,,Metodologia de acordo com a Resolução CONAMA Nº 274/2000.,True,True,556567.0,9588330.0,,False,,,,,,,,,,,,,,,,,,,,,,,
8235,Lançamento no Emissário Submarino,814/2016,Efluente de lavagem de veiculos.,2016-09-22 00:00:00,2016-09-22 00:00:00,True,6,6.9,True,8,26.4,True,9,0.1,True,13,0.123,True,10,26.8,False,0,,False,0,,False,0,,False,0,,False,0,,True,288687,pela Portaria SEMACE 154/02 Art.3°,Separador de Água e Óleo - SAO,"Dentre as análises efetuadas, a amostra apresentou-se de acordo com os padrões estabelecidos  pela Portaria SEMACE N.° 154/02, Art. 3°.",False,0,,False,0,,False,0,,False,0,,False,0,,False,0,,False,0,,False,0,,False,0,,False,0,,10,2016-09-27 11:12:47.107602,1.0,False,0,,False,0,,False,0,,False,0,,False,0,,Padrões SEMACE para lançamento no Emissário Submarino.,True,True,,,,True,,,,,,,,,,,,,,,,,,,,,,,
8265,Resolução CONAMA 274/2000 - Balneabilidade,838/2016,Água de praia,2016-09-26 00:00:00,2016-09-26 00:00:00,True,446,20,False,0,,False,0,,False,0,,False,0,,False,0,,False,0,,False,0,,False,0,,False,0,,True,",",Resolução CONAMA 274/2000,22O - Posto 22 - Entre a Rua Padre Mororó e a Av. Alberto Nepomuceno - Fortaleza/CE,Para avaliação do interessado.,False,0,,False,0,,False,0,,False,0,,False,0,,False,0,,False,0,,False,0,,False,0,,False,0,,25,2016-09-28 15:25:10.416234,1.0,False,0,,False,0,,False,0,,False,0,,False,0,,Metodologia de acordo com a Resolução CONAMA Nº 274/2000.,True,True,552091.0,9588928.0,,False,,,,,,,,,,,,,,,,,,,,,,,
8267,Resolução CONAMA 274/2000 - Balneabilidade,836/2016,Água de praia,2016-09-26 00:00:00,2016-09-26 00:00:00,True,446,40,False,0,,False,0,,False,0,,False,0,,False,0,,False,0,,False,0,,False,0,,False,0,,True,",",Resolução CONAMA 274/2000,20C - Posto 20 - Entre o Aquário e o espigão da Rua João Cordeiro - Fortaleza/CE,Para avaliação do interessado.,False,0,,False,0,,False,0,,False,0,,False,0,,False,0,,False,0,,False,0,,False,0,,False,0,,25,2016-09-28 15:31:03.859123,1.0,False,0,,False,0,,False,0,,False,0,,False,0,,Metodologia de acordo com a Resolução CONAMA Nº 274/2000.,True,True,553570.0,9589032.0,,False,,,,,,,,,,,,,,,,,,,,,,,
8344,Resolução CONAMA 274/2000 - Balneabilidade,908/2016,Água de praia.,2016-10-05 00:00:00,2016-10-05 00:00:00,True,446,Zero,False,0,,False,0,,False,0,,False,0,,False,0,,False,0,,False,0,,False,0,,False,0,,True,",",Resolução CONAMA 274/2000,37LE - Barraca Energia Erótica - Barro Preto - Aquiraz/CE,Para avaliação do interessado.,False,0,,False,0,,False,0,,False,0,,False,0,,False,0,,False,0,,False,0,,False,0,,False,0,,25,2016-10-06 16:00:24.654995,1.0,False,0,,False,0,,False,0,,False,0,,False,0,,Metodologia de acordo com a Resolução CONAMA Nº 274/2000.,True,True,580932.0,9563694.0,,False,,,,,,,,,,,,,,,,,,,,,,,
8353,Resolução CONAMA 274/2000 - Balneabilidade,903/2016,Água de praia.,2016-10-05 00:00:00,2016-10-05 00:00:00,True,446,Zero,False,0,,False,0,,False,0,,False,0,,False,0,,False,0,,False,0,,False,0,,False,0,,True,",",Resolução CONAMA 274/2000,"32LE - Barraca ""Tô com Fome"" - COFECO - Aquiraz/CE.",Para avaliação do interessado.,False,0,,False,0,,False,0,,False,0,,False,0,,False,0,,False,0,,False,0,,False,0,,False,0,,25,2016-10-06 16:04:56.290361,1.0,False,0,,False,0,,False,0,,False,0,,False,0,,Metodologia de acordo com a Resolução CONAMA Nº 274/2000.,True,True,565547.0,9578874.0,,False,,,,,,,,,,,,,,,,,,,,,,,
8439,Resolução CONAMA 274/2000 - Balneabilidade,973/2016,Água de praia,2016-10-17 00:00:00,2016-10-17 00:00:00,True,446,>16000,False,0,,False,0,,False,0,,False,0,,False,0,,False,0,,False,0,,False,0,,False,0,,True,",",Resolução CONAMA 274/2000,11L - Posto 11 - Farol - Fortaleza/CE.,Para avaliação do interessado.,False,0,,False,0,,False,0,,False,0,,False,0,,False,0,,False,0,,False,0,,False,0,,False,0,,25,2016-10-20 07:58:15.978326,1.0,False,0,,False,0,,False,0,,False,0,,False,0,,Metodologia de acordo com a Resolução CONAMA Nº 274/2000.,True,True,559165.0,9590078.0,,False,,,,,,,,,,,,,,,,,,,,,,,
8451,Resolução CONAMA 274/2000 - Balneabilidade,1029/2016,Água de praia.,2016-10-26 00:00:00,2016-10-26 00:00:00,True,446,40,False,0,,False,0,,False,0,,False,0,,False,0,,False,0,,False,0,,False,0,,False,0,,True,",",Resolução CONAMA 274/2000,17C - Posto 17 - Entre a Rua José Vilar e o espigão da Av. Desembargador Moreira - Fortaleza/CE,Para avaliação do interessado.,False,0,,False,0,,False,0,,False,0,,False,0,,False,0,,False,0,,False,0,,False,0,,False,0,,25,2016-10-27 16:13:06.963768,1.0,False,0,,False,0,,False,0,,False,0,,False,0,,Metodologia de acordo com a Resolução CONAMA Nº 274/2000.,True,True,555452.0,9588384.0,,False,,,,,,,,,,,,,,,,,,,,,,,
8577,Resolução CONAMA 274/2000 - Balneabilidade,1131/2016,Água de praia,2016-11-14 00:00:00,2016-11-14 00:00:00,True,446,Zero,False,0,,False,0,,False,0,,False,0,,False,0,,False,0,,False,0,,False,0,,False,0,,True,",",Resolução CONAMA 274/2000,08L - Posto 8 - Entre os Postos dos Bombeiros 01 e 02 - Fortaleza/CE,Para avaliação do interessado.,False,0,,False,0,,False,0,,False,0,,False,0,,False,0,,False,0,,False,0,,False,0,,False,0,,25,2016-11-21 09:45:08.346107,1.0,False,0,,False,0,,False,0,,False,0,,False,0,,Metodologia de acordo com a Resolução CONAMA Nº 274/2000.,True,True,560304.0,9587850.0,,False,,,,,,,,,,,,,,,,,,,,,,,
8704,Resolução CONAMA 274/2000 - Balneabilidade,1274/2016,Água de praia,2016-11-30 00:00:00,2016-11-30 00:00:00,True,446,20,False,0,,False,0,,False,0,,False,0,,False,0,,False,0,,False,0,,False,0,,False,0,,True,",",Resolução CONAMA 274/2000,51OE - Restaurante e Barraca Lisboa - Cumbuco - Caucaia/CE,Para avaliação do interessado.,False,0,,False,0,,False,0,,False,0,,False,0,,False,0,,False,0,,False,0,,False,0,,False,0,,25,2016-12-02 11:43:43.524218,1.0,False,0,,False,0,,False,0,,False,0,,False,0,,Metodologia de acordo com a Resolução CONAMA Nº 274/2000.,True,True,530293.0,9599326.0,,False,,,,,,,,,,,,,,,,,,,,,,,
8839,Resolução CONAMA 274/2000 - Balneabilidade,1393/2016,Água de praia,2016-12-19 00:00:00,2016-12-19 00:00:00,True,446,900,False,0,,False,0,,False,0,,False,0,,False,0,,False,0,,False,0,,False,0,,False,0,,True,",",Resolução CONAMA 274/2000,08L - Posto 8 - Entre os Postos dos Bombeiros 01 e 02 - Fortaleza/CE,Para avaliação do interessado,False,0,,False,0,,False,0,,False,0,,False,0,,False,0,,False,0,,False,0,,False,0,,False,0,,25,2016-12-23 10:43:51.336876,1.0,False,0,,False,0,,False,0,,False,0,,False,0,,Metodologia de acordo com a Resolução CONAMA Nº 274/2000.,True,True,560195.0,9587968.0,,False,,,,,,,,,,,,,,,,,,,,,,,
8948,Resolução CONAMA 274/2000 - Balneabilidade,1459/2016,Água de praia,2016-12-26 00:00:00,2016-12-26 00:00:00,True,446,8,False,0,,False,0,,False,0,,False,0,,False,0,,False,0,,False,0,,False,0,,False,0,,True,",",Resolução CONAMA 274/2000,05L - Posto 5 - Entre a Praça 31 de Março e o Posto dos Bombeiros 04 - Fortaleza/CE.,Para avaliação do interessado.,False,0,,False,0,,False,0,,False,0,,False,0,,False,0,,False,0,,False,0,,False,0,,False,0,,25,2016-12-29 16:56:44.640391,1.0,False,0,,False,0,,False,0,,False,0,,False,0,,Metodologia de acordo com a Resolução CONAMA Nº 274/2000.,True,True,561309.0,9585906.0,,False,,,,,,,,,,,,,,,,,,,,,,,
9057,Resolução CONAMA 274/2000 - Balneabilidade,98/2017,Água de praia,2017-01-16 00:00:00,2017-01-16 00:00:00,True,446,3000,False,0,,False,0,,False,0,,False,0,,False,0,,False,0,,False,0,,False,0,,False,0,,True,",",Resolução CONAMA 274/2000,22O - Posto 22 - Entre a Rua Padre Mororó e a Av. Alberto Nepomuceno - Fortaleza/CE,Para avaliação do interessado,False,0,,False,0,,False,0,,False,0,,False,0,,False,0,,False,0,,False,0,,False,0,,False,0,,25,2017-01-26 10:17:21.21986,1.0,False,0,,False,0,,False,0,,False,0,,False,0,,Metodologia de acordo com a Resolução CONAMA Nº 274/2000.,True,True,552053.0,9588864.0,,False,,,,,,,,,,,,,,,,,,,,,,,
9154,Resolução CONAMA 274/2000 - Balneabilidade,164/2017,Água de praia,2017-01-25 00:00:00,2017-01-26 00:00:00,True,446,Zero,False,0,,False,0,,False,0,,False,0,,False,0,,False,0,,False,0,,False,0,,False,0,,True,",",Resolução CONAMA 274/2000,47LE - Barraca Marisol - Quixaba - Aracati/CE,Para avaliação do interessado.,False,0,,False,0,,False,0,,False,0,,False,0,,False,0,,False,0,,False,0,,False,0,,False,0,,25,2017-02-02 13:28:26.875072,1.0,False,0,,False,0,,False,0,,False,0,,False,0,,Metodologia de acordo com a Resolução CONAMA Nº 274/2000.,True,True,649294.0,9494598.0,,False,,,,,,,,,,,,,,,,,,,,,,,
9168,Resolução CONAMA 274/2000 - Balneabilidade,188/2017,Água de praia,2017-02-01 00:00:00,2017-02-01 00:00:00,True,446,1600,False,0,,False,0,,False,0,,False,0,,False,0,,False,0,,False,0,,False,0,,False,0,,True,",",Resolução CONAMA 274/2000,05L - Posto 5 - Entre a Praça 31 de Março e o Posto dos Bombeiros 04 - Fortaleza/CE,Resultado para avaliação do interessado.,False,0,,False,0,,False,0,,False,0,,False,0,,False,0,,False,0,,False,0,,False,0,,False,0,,25,2017-02-09 11:03:07.239471,0.0,False,0,,False,0,,False,0,,False,0,,False,0,,Metodologia de acordo com a Resolução CONAMA Nº 274/2000.,True,True,561424.0,9585578.0,,False,,,,,,,,,,,,,,,,,,,,,,,
9170,Resolução CONAMA 274/2000 - Balneabilidade,190/2017,Água de praia,2017-02-01 00:00:00,2017-02-01 00:00:00,True,446,&#8805;16000,False,0,,False,0,,False,0,,False,0,,False,0,,False,0,,False,0,,False,0,,False,0,,True,",",Resolução CONAMA 274/2000,07L - Posto 7 - Entre os Postos dos Bombeiros 02 e 03 - Fortaleza/CE,Resultado para avaliação do interessado.,False,0,,False,0,,False,0,,False,0,,False,0,,False,0,,False,0,,False,0,,False,0,,False,0,,25,2017-02-09 11:09:42.527667,0.0,False,0,,False,0,,False,0,,False,0,,False,0,,Metodologia de acordo com a Resolução CONAMA Nº 274/2000.,True,True,560473.0,9587423.0,,False,,,,,,,,,,,,,,,,,,,,,,,
9227,Resolução CONAMA 274/2000 - Balneabilidade,231/2017,Água de praia,2017-02-06 00:00:00,2017-02-06 00:00:00,True,446,3000,False,0,,False,0,,False,0,,False,0,,False,0,,False,0,,False,0,,False,0,,False,0,,True,",",Resolução CONAMA 274/2000,13C - Posto 13 - Entre o Monumento do Jangadeiro e a Praia dos Botes - Fortaleza/CE,Resultado para avaliação do interessado.,False,0,,False,0,,False,0,,False,0,,False,0,,False,0,,False,0,,False,0,,False,0,,False,0,,25,2017-02-16 10:05:25.574708,1.0,False,0,,False,0,,False,0,,False,0,,False,0,,Metodologia de acordo com a Resolução CONAMA Nº 274/2000.,True,True,557813.0,9588604.0,,False,,,,,,,,,,,,,,,,,,,,,,,
9254,Resolução CONAMA 274/2000 - Balneabilidade,276/2017,Àgua da praia.,2017-02-14 00:00:00,2017-02-14 00:00:00,True,446,3500,False,0,,False,0,,False,0,,False,0,,False,0,,False,0,,False,0,,False,0,,False,0,,True,",",Resolução CONAMA 274/2000,27O - Posto 27 - Entre a Rua Seis Companheiros e a Rua Francisco Calaça.Fortaleza/CE,Resultados para avaliação do interessado.,False,0,,False,0,,False,0,,False,0,,False,0,,False,0,,False,0,,False,0,,False,0,,False,0,,25,2017-02-21 09:16:14.726375,0.0,False,0,,False,0,,False,0,,False,0,,False,0,,Metodologia de acordo com a Resolução CONAMA Nº 274/2000.,True,True,547504.0,9590928.0,,False,,,,,,,,,,,,,,,,,,,,,,,
9304,Resolução CONAMA 274/2000 - Balneabilidade,314/2017,Água de praia.,2017-02-21 00:00:00,2017-02-21 00:00:00,True,446,800,False,0,,False,0,,False,0,,False,0,,False,0,,False,0,,False,0,,False,0,,False,0,,True,",",Resolução CONAMA 274/2000,220 - Posto 22 - Entre a Rua Padre Mororó e a Av. Alberto Nepomuceno - Fortaleza/CE,Resultado para avaliação do interessado.,False,0,,False,0,,False,0,,False,0,,False,0,,False,0,,False,0,,False,0,,False,0,,False,0,,25,2017-02-24 13:50:33.160601,1.0,False,0,,False,0,,False,0,,False,0,,False,0,,Metodologia de acordo com a Resolução CONAMA Nº 274/2000.,True,True,552053.0,9588864.0,,False,,,,,,,,,,,,,,,,,,,,,,,
9327,Potabilidade,394/2017,Água tratada,2017-03-07 00:00:00,2017-03-07 00:00:00,True,71,6.9,True,72,40,True,75,2.4,True,433,2.5,True,76,30.1,True,78,Ausente,True,79,Ausente,True,80,30.1,True,82,46.6,True,83,6.2,True,257901,pela Portaria 2914/11 do Ministério da Saúde.,"Torneira do mini-laboratório da ETA, localizada na sede do município de Paraipaba/CE","Dentre as análises efetuadas, a amostra apresentou os parâmetros <b> Cor e Ferro </b> em           desacordo com os padrões estabelecidos pela Portaria N.° 2914/11, do Ministério da Saúde.",True,84,7.5,True,86,133,True,87,74.8,True,90,8.8,True,91,0.002,True,92,0.8,True,93,< LD,True,94,507,True,95,0.5,True,99,Zero,25,2017-03-09 08:58:34.661444,0.0,True,103,245,True,263,Zero,False,0,,False,0,,False,0,,"Padrão de potabilidade estabelecido pela Portaria N.° 2914/11, do Ministério da Saúde   <b>(NMP)</b> – Número Mais Provável<br>LD - Limite de Detecção.",True,True,,,,True,,,,,,,,,,,,,,,,,,,,,,,
9370,Resolução CONAMA 274/2000 - Balneabilidade,338/2017,Água de praia,2017-03-02 00:00:00,2017-03-02 00:00:00,True,446,300,False,0,,False,0,,False,0,,False,0,,False,0,,False,0,,False,0,,False,0,,False,0,,True,",",Resolução CONAMA 274/2000,09L - Posto 9 - Entre a Rua Ismael Pordeus e o Posto dos Bombeiros 01 - Fortaleza/CE.,Resultado para avaliação do interssado.,False,0,,False,0,,False,0,,False,0,,False,0,,False,0,,False,0,,False,0,,False,0,,False,0,,25,2017-03-16 16:08:42.165104,0.0,False,0,,False,0,,False,0,,False,0,,False,0,,Metodologia de acordo com a Resolução CONAMA Nº 274/2000.,True,True,5599372.0,9588596.0,,False,,,,,,,,,,,,,,,,,,,,,,,
9488,Resolução CONAMA 274/2000 - Balneabilidade,466/2017,Água de praia,2017-03-13 00:00:00,2017-03-13 00:00:00,True,446,&#8805;16000,False,0,,False,0,,False,0,,False,0,,False,0,,False,0,,False,0,,False,0,,False,0,,True,",",Resolução CONAMA 274/2000,27O - Posto 27 - Entre a Rua Seis Companheiros e a Rua Francisco Calaça - Fortaleza/CE,Resultado para avaliação do interessado.,False,0,,False,0,,False,0,,False,0,,False,0,,False,0,,False,0,,False,0,,False,0,,False,0,,25,2017-03-23 13:56:43.995192,0.0,False,0,,False,0,,False,0,,False,0,,False,0,,Metodologia de acordo com a Resolução CONAMA Nº 274/2000.,True,True,547504.0,9590928.0,,False,,,,,,,,,,,,,,,,,,,,,,,
9517,Resolução CONAMA 274/2000 - Balneabilidade,492/2017,Água de praia,2017-03-20 00:00:00,2017-03-20 00:00:00,True,446,220,False,0,,False,0,,False,0,,False,0,,False,0,,False,0,,False,0,,False,0,,False,0,,True,",",Resolução CONAMA 274/2000,11L - Posto 11 - Farol - Fortaleza/CE,Resultado para avaliação do interessado.,False,0,,False,0,,False,0,,False,0,,False,0,,False,0,,False,0,,False,0,,False,0,,False,0,,25,2017-03-28 10:46:15.677745,0.0,False,0,,False,0,,False,0,,False,0,,False,0,,Metodologia de acordo com a Resolução CONAMA Nº 274/2000.,True,True,559135.0,9590027.0,,False,,,,,,,,,,,,,,,,,,,,,,,
9614,Resolução CONAMA 274/2000 - Balneabilidade,609/2017,Água da praia.,2017-04-05 00:00:00,2017-04-05 00:00:00,True,446,&#8805;16000,False,0,,False,0,,False,0,,False,0,,False,0,,False,0,,False,0,,False,0,,False,0,,True,",",Resolução CONAMA 274/2000,04L - Posto 04 - Entre o Postos dos Bombeiros 06 e a Praça 31 de Março.Fortaleza/CE,Resultados para avaliação do interessado.,False,0,,False,0,,False,0,,False,0,,False,0,,False,0,,False,0,,False,0,,False,0,,False,0,,25,2017-04-18 10:23:56.070378,0.0,False,0,,False,0,,False,0,,False,0,,False,0,,Metodologia de acordo com a Resolução CONAMA Nº 274/2000.,True,True,561712.0,9585012.0,,False,,,,,,,,,,,,,,,,,,,,,,,
9776,Água doce Classe 2 – Ambiente Lótico,718/2017,Água do rio Cocó.,2017-04-10 00:00:00,2017-04-10 00:00:00,True,105,9.7,True,106,4.8,True,107,185,True,108,28.7,True,109,2.9,True,110,0.062,True,111,0.2,True,112,36,True,116,0.8,True,117,12.7,True,",",para Classe 2 pela Resolução CONAMA 357/05,"Bacia Metropolitana - Sob a ponte na BR-116 , Km  03, próximo ao MACRO – margem direita - Bairro Tancredo Neves.Fortaleza/CE","Dentre as análises efetuadas, a amostra apresentou os parâmetros <b>pH, Cor, OD, DBO, Fósforo Total, Substâncias Solúveis em Hexano e Coliformes Termotolerantes </b> em desacordo com os padrões estabelecidos pela Resolução CONAMA 357/05.",True,212,766,True,119,110,True,120,9,True,156,2,True,122,,True,308,0.4,True,274,39,True,102,692,True,265,0.5,True,319,15.6,25,2017-05-27 12:48:19.986153,0.0,False,0,,False,0,,False,0,,False,0,,False,0,,"Padrões estabelecidos pela Resolução CONAMA Nº. 357/05, para águas doces Classe 2.   <br><b>(NMP)</b> – Número mais provável.<b> (ND)</b> - Não Determinado.",True,True,554114.0,9581804.0,,True,,,,,,,,,,,,,,,,,,,,,,,
9792,Água doce Classe 2 – Ambiente Lótico,808/2017,Água do rio Salgado.,2017-04-27 00:00:00,2017-04-28 00:00:00,True,105,7.7,True,106,41.9,True,107,262,True,108,29.4,True,109,3,True,110,0.062,True,111,0.51,True,112,4,True,116,6.6,True,117,2.7,True,",",para Classe 2 pela Resolução CONAMA 357/05,Bacia do Salgado - Sob a ponte da CE 286 na entrada da cidade.Aurora/CE,"Dentre as análises efetuadas, a amostra apresentou os parâmetros <b>Cor, Fósforo Total e Coliformes Termotolerantes</b> em desacordo com os padrões estabelecidos pela Resolução CONAMA 357/05",True,94,216.5,True,119,13.3,True,120,15,True,308,0.5,True,122,1100,True,186,10.4,True,102,186,True,184,174,True,156,0.5,True,441,27,25,2017-05-27 11:20:03.334764,0.0,False,0,,False,0,,False,0,,False,0,,False,0,,"Padrões estabelecidos pela Resolução CONAMA Nº. 357/05, para águas doces Classe 2.   <br><b>(NMP)</b> – Número mais provável.<b> (ND)</b> - Não Determinado.",True,True,503872.0,9232470.0,,True,,,,,,,,,,,,,,,,,,,,,,,
9975,Resolução CONAMA 274/2000 - Balneabilidade,988/2017,Água de praia,2017-05-22 00:00:00,2017-05-22 00:00:00,True,446,16000,False,0,,False,0,,False,0,,False,0,,False,0,,False,0,,False,0,,False,0,,False,0,,True,",",Resolução CONAMA 274/2000,11L - Posto 11 - Farol - Fortaleza/CE,Resultados para avaliação do interessado.,False,0,,False,0,,False,0,,False,0,,False,0,,False,0,,False,0,,False,0,,False,0,,False,0,,25,2017-06-07 12:26:11.916275,1.0,False,0,,False,0,,False,0,,False,0,,False,0,,Metodologia de acordo com a Resolução CONAMA Nº 274/2000.,True,True,559135.0,9590027.0,,False,,,,,,,,,,,,,,,,,,,,,,,
9987,Lançamento no Solo - Fontes Poluidoras,1021/2017,Efluente industrial tratado,2017-05-25 00:00:00,2017-05-26 00:00:00,True,16,8.4,True,17,32.7,True,18,Zero,True,21,Ausente,True,473,37.2,True,25,87.1,True,126,0.01,True,259,2.3,True,24,18,True,147,< LD,True,318824,pela Portaria SEMACE 154/02 Art.4°,Saída final da E.T.E. (lagoa de estabilização),"Dentre as análises efetuadas, a amostra apresentou-se de acordo com os padrões estabelecidos  pela Resolução COEMA Nº 02/2017, Artigo 11°.",True,104,40,True,42,5,False,0,,False,0,,False,0,,False,0,,False,0,,False,0,,False,0,,False,0,,15,2017-06-05 16:24:25.982708,1.0,False,0,,False,0,,False,0,,False,0,,False,0,,"Padrões COEMA para efluente não sanitário, com lançamento direto em corpo hídrico.    NMP - Número Mais Provável                                   LD - Limite de Detecção",True,True,,,,True,,,,,,,,,,,,,,,,,,,,,,,
10006,Resolução CONAMA 274/2000 - Balneabilidade,1032/2017,Água de Praia,2017-05-30 00:00:00,2017-05-30 00:00:00,True,446,9,False,0,,False,0,,False,0,,False,0,,False,0,,False,0,,False,0,,False,0,,False,0,,True,",",Resolução CONAMA 274/2000,09L - Posto 9 - Entre a rua Ismael Pordeus até Posto dos Bombeiros 01 - Fortaleza/CE,Resultados para avaliação do interessado.,False,0,,False,0,,False,0,,False,0,,False,0,,False,0,,False,0,,False,0,,False,0,,False,0,,25,2017-06-07 16:33:50.461603,1.0,False,0,,False,0,,False,0,,False,0,,False,0,,Metodologia de acordo com a Resolução CONAMA Nº 274/2000.,True,True,559932.0,9588596.0,,False,,,,,,,,,,,,,,,,,,,,,,,
10010,Resolução CONAMA 274/2000 - Balneabilidade,1036/2017,Água de Praia,2017-05-30 00:00:00,2017-05-30 00:00:00,True,446,170,False,0,,False,0,,False,0,,False,0,,False,0,,False,0,,False,0,,False,0,,False,0,,True,",",Resolução CONAMA 274/2000,13C - Posto 13 - Entre o Monumento do Jangadeiro até a Praia dos Botes - Fortaleza/CE,Resultados para avaliação do interessado.,False,0,,False,0,,False,0,,False,0,,False,0,,False,0,,False,0,,False,0,,False,0,,False,0,,25,2017-06-07 16:34:20.961893,1.0,False,0,,False,0,,False,0,,False,0,,False,0,,Metodologia de acordo com a Resolução CONAMA Nº 274/2000.,True,True,557813.0,9588604.0,,False,,,,,,,,,,,,,,,,,,,,,,,
10191,Água doce Classe 2 – Ambiente Lótico,1273/2017,Água do rio Coreaú.,2017-06-28 00:00:00,2017-06-29 00:00:00,True,105,7.8,True,106,8.4,True,107,63,True,108,31.2,True,109,0.4,True,110,0.003,True,111,0.24,True,112,Zero,True,116,8.1,True,117,4.4,True,",",para Classe 2 pela Resolução CONAMA 357/05,"Bacia do Coreaú - Saída para o distrito de Santa Luzia, próximo a uma ponte rústica.Moraújo/CE","Dentre as análises efetuadas, a amostra apresentou o parâmetro<b> Fósforo Total </b> em  desacordo com o padrão estabelecido pela Resolução CONAMA 357/05.",True,212,514,True,119,83,True,120,20,True,156,0.3,True,122,70,True,308,0.2,True,186,4.8,True,184,290,True,102,284,True,441,29.5,20,2017-08-21 17:35:39.078104,0.0,False,0,,False,0,,False,0,,False,0,,False,0,,"Padrões estabelecidos pela Resolução CONAMA Nº. 357/05, para águas doces Classe 2.   <br><b>(NMP)</b> – Número mais provável.<b> (ND)</b> - Não Determinado.",True,True,312818.0,9616880.0,,True,,,,,,,,,,,,,,,,,,,,,,,
10200,Água doce Classe 2 – Ambiente Lótico,1287/2017,Água do rio Trici.,2017-06-29 00:00:00,2017-06-30 00:00:00,True,105,8.2,True,106,9.3,True,107,86,True,108,26.1,True,109,0.3,True,110,0.012,True,111,0.2,True,112,Zero,True,116,7.2,True,117,7.4,True,",",para Classe 2 pela Resolução CONAMA 357/05,"Bacia do Alto Jaguaribe - barragem do Trici, a 28 km da sede do município.Tauá/CE","Dentre as análises efetuadas, a amostra apresentou os parâmetros <b>Cor, DBO e Fósforo Total </b> em desacordo com os padrões estabelecidos  pela Resolução CONAMA 357/05",True,212,302,True,119,14.8,True,120,12,True,156,0.2,True,122,Zero,True,308,0.1,True,102,264,False,0,,False,0,,False,0,,20,2017-08-18 10:40:02.042278,0.0,False,0,,False,0,,False,0,,False,0,,False,0,,"Padrões estabelecidos pela Resolução CONAMA Nº. 357/05, para águas doces Classe 2.   <br><b>(NMP)</b> – Número mais provável.<b> (ND)</b> - Não Determinado.",True,True,343513.0,9346086.0,,True,,,,,,,,,,,,,,,,,,,,,,,
10216,Potabilidade,1488/2017,Água.,2017-07-27 00:00:00,2017-07-27 00:00:00,True,71,7.5,True,72,11,True,75,0.81,False,0,,True,76,74.4,True,78,Ausente,True,79,Ausente,True,80,74.4,True,82,102.5,True,83,13.7,True,",",pela Portaria 2914/11 do Ministério da Saúde.,Torneira da cozinha - Rua Maria Tomásia nº722 - Bairro Aldeota.Fortaleza/CE,"Dentre as análises efetuadas, a amostra apresentou o parâmetro <b>Coliformes Termotolerantes </b> em desacordo com o padrão estabelecido pela Portaria 2914/11 do Ministério da Saúde.",True,84,16.6,True,86,80.2,True,87,36,True,90,7.2,True,91,0.002,True,92,0.2,True,93,0.06,True,94,407,True,95,0.01,True,99,2,25,2017-08-01 17:06:03.094853,0.0,True,103,196,True,263,80,False,0,,False,0,,False,0,,Padrão de potabilidade estabelecido pela Portaria N.° 2914/11 do Ministério da Saúde   <br><b>(NMP)</b> – Número Mais Provável. <b> (ND) </b> - Não determinado,True,True,,,,True,,,,,,,,,,,,,,,,,,,,,,,
10235,"ART. 24º. Efluentes não sanitários, lançamento em Rede coletora de esgoto.",,,,,True,6,,True,8,,True,453,,True,456,,True,459,,False,0,,True,417,,True,13,,True,401,,False,0,,False,",",Ressolução COEMA Nº 02/2017,,"Dentre as análises efetuadas, a amostra apresentou-se de acordo com os padrões estabelecidos  Ressolução COEMA Nº 02/2017",False,0,,False,0,,False,0,,False,0,,False,0,,False,0,,False,0,,False,0,,False,0,,False,0,,10,,,False,0,,False,0,,False,0,,False,0,,False,0,,"ART. 24. Efluentes não sanitários, lançamento em Rede coletora de esgoto. <br> <b> (NMP)</b> - Número mais provável. <b> (ND) </b> - Não determinado.",False,False,,,,False,,,,,,,,,,,,,,,,,,,,,,,
10471,Resolução CONAMA 274/2000 - Balneabilidade,1436/2017,Água de praia,2017-07-18 00:00:00,2017-07-19 00:00:00,True,446,Zero,False,0,,False,0,,False,0,,False,0,,False,0,,False,0,,False,0,,False,0,,False,0,,True,",",Resolução CONAMA 274/2000,"32LE - Barraca ""Tô com Fome"" - COFECO - Aquiraz/CE",Resultado para avaliação do interessado.,False,0,,False,0,,False,0,,False,0,,False,0,,False,0,,False,0,,False,0,,False,0,,False,0,,25,2017-08-29 12:57:56.205341,1.0,False,0,,False,0,,False,0,,False,0,,False,0,,Metodologia de acordo com a Resolução CONAMA Nº 274/2000.,True,True,565547.0,9578874.0,,False,,,,,,,,,,,,,,,,,,,,,,,
10514,Resolução CONAMA 274/2000 - Balneabilidade,1582/2017,Água de praia,2017-08-09 00:00:00,2017-08-10 00:00:00,True,446,Zero,False,0,,False,0,,False,0,,False,0,,False,0,,False,0,,False,0,,False,0,,False,0,,True,",",Resolução CONAMA 274/2000,36LE - Peixada do Iguape (em frente ao Centro de Rendeiras Míriam Porto Mota) - Iguape - Aquiraz/CE,Resultado para avaliação do interessado.,False,0,,False,0,,False,0,,False,0,,False,0,,False,0,,False,0,,False,0,,False,0,,False,0,,25,2017-08-31 16:01:00.637837,1.0,False,0,,False,0,,False,0,,False,0,,False,0,,Metodologia de acordo com a Resolução CONAMA Nº 274/2000.,True,True,,,,False,,,,,,,,,,,,,,,,,,,,,,,
10681,Resolução CONAMA 274/2000 - Balneabilidade,1722/2017,Água da praia,2017-08-29 00:00:00,2017-08-29 00:00:00,True,446,&#8805;16000,False,0,,False,0,,False,0,,False,0,,False,0,,False,0,,False,0,,False,0,,False,0,,True,",",Resolução CONAMA 274/2000,28O – Posto 28 - Entre a Rua Lagoa do Abaeté e a Rua Seis Companheiros – Fortaleza/CE,Resultado para avaliação do interessado.,False,0,,False,0,,False,0,,False,0,,False,0,,False,0,,False,0,,False,0,,False,0,,False,0,,25,2017-09-26 13:01:23.28468,1.0,False,0,,False,0,,False,0,,False,0,,False,0,,Metodologia de acordo com a Resolução CONAMA Nº 274/2000.,True,True,547054.0,9591368.0,,False,,,,,,,,,,,,,,,,,,,,,,,
10706,Resolução CONAMA 274/2000 - Balneabilidade,1741/2017,Água da praia,2017-09-04 00:00:00,2017-09-04 00:00:00,True,446,40,False,0,,False,0,,False,0,,False,0,,False,0,,False,0,,False,0,,False,0,,False,0,,True,",",Resolução CONAMA 274/2000,14C – Posto 14 -  Entre a foz do Riacho Maceió e o Monumento do Jangadeiro – Fortaleza/CE,Resultado para avaliação do interessado.,False,0,,False,0,,False,0,,False,0,,False,0,,False,0,,False,0,,False,0,,False,0,,False,0,,25,2017-09-26 13:12:02.633342,1.0,False,0,,False,0,,False,0,,False,0,,False,0,,Metodologia de acordo com a Resolução CONAMA Nº 274/2000.,True,True,557307.0,9588534.0,,False,,,,,,,,,,,,,,,,,,,,,,,
10743,Resolução CONAMA 274/2000 - Balneabilidade,1758/2017,Água da praia,2017-09-05 00:00:00,2017-09-05 00:00:00,True,446,&#8805;16000,False,0,,False,0,,False,0,,False,0,,False,0,,False,0,,False,0,,False,0,,False,0,,True,",",Resolução CONAMA 274/2000,28O – Posto 28 - Entre a Rua Lagoa do Abaeté e a Rua Seis Companheiros – Fortaleza/CE,Resultado para avaliação do interessado.,False,0,,False,0,,False,0,,False,0,,False,0,,False,0,,False,0,,False,0,,False,0,,False,0,,25,2017-09-26 13:58:08.187373,1.0,False,0,,False,0,,False,0,,False,0,,False,0,,Metodologia de acordo com a Resolução CONAMA Nº 274/2000.,True,True,547054.0,9591368.0,,False,,,,,,,,,,,,,,,,,,,,,,,
10781,Resolução CONAMA 274/2000 - Balneabilidade,1834/2017,Água da praia,2217-09-18 00:00:00,2017-09-18 00:00:00,True,446,80,False,0,,False,0,,False,0,,False,0,,False,0,,False,0,,False,0,,False,0,,False,0,,True,",",Resolução CONAMA 274/2000,16 C – Posto 16 - Entre o espigão da Av. Desembargador Moreira e a Volta da Jurema – Fortaleza/CE,Resultado para avaliação do interessado.,False,0,,False,0,,False,0,,False,0,,False,0,,False,0,,False,0,,False,0,,False,0,,False,0,,25,2017-09-28 16:56:52.284975,1.0,False,0,,False,0,,False,0,,False,0,,False,0,,Metodologia de acordo com a Resolução CONAMA Nº 274/2000.,True,True,556067.0,9588246.0,,False,,,,,,,,,,,,,,,,,,,,,,,
10848,Resolução CONAMA 274/2000 - Balneabilidade,1905/2017,Água da praia,2017-09-26 00:00:00,2017-09-26 00:00:00,True,446,1100,False,0,,False,0,,False,0,,False,0,,False,0,,False,0,,False,0,,False,0,,False,0,,True,",",Resolução CONAMA 274/2000,26O – Posto 26´- Entre a Rua Francisco Calaça e a Av. Pasteur – Fortaleza/CE,Resultado para avaliação do interessado.,False,0,,False,0,,False,0,,False,0,,False,0,,False,0,,False,0,,False,0,,False,0,,False,0,,25,2017-09-28 17:35:29.785335,1.0,False,0,,False,0,,False,0,,False,0,,False,0,,Metodologia de acordo com a Resolução CONAMA Nº 274/2000.,True,True,547943.0,9590868.0,,False,,,,,,,,,,,,,,,,,,,,,,,
10952,Resolução CONAMA 274/2000 - Balneabilidade,2065/2017,Água de praia,2017-12-18 00:00:00,2017-12-18 00:00:00,True,446,2,False,0,,False,0,,False,0,,False,0,,False,0,,False,0,,False,0,,False,0,,False,0,,True,",",Resolução CONAMA 274/2000,09L – Posto 9 - Entre a Rua Ismael Pordeus e o Posto dos Bombeiros 01 – Fortaleza/CE,Para avaliação do interessado.,False,0,,False,0,,False,0,,False,0,,False,0,,False,0,,False,0,,False,0,,False,0,,False,0,,25,2017-12-27 15:08:53.350854,1.0,False,0,,False,0,,False,0,,False,0,,False,0,,Metodologia de acordo com a Resolução CONAMA Nº 274/2000.,True,True,559972.0,9588568.0,,False,,,,,,,,,,,,,,,,,,,,,,,
10982,Resolução CONAMA 274/2000 - Balneabilidade,2043/2017,Água de praia,2017-12-13 00:00:00,2017-12-13 00:00:00,True,446,Zero,False,0,,False,0,,False,0,,False,0,,False,0,,False,0,,False,0,,False,0,,False,0,,True,",",Resolução CONAMA 274/2000,39LE - Barraca Veleiro – Barra Nova – Cascavel/CE,Para avaliação do interessado.,False,0,,False,0,,False,0,,False,0,,False,0,,False,0,,False,0,,False,0,,False,0,,False,0,,25,2017-12-28 08:35:37.456899,1.0,False,0,,False,0,,False,0,,False,0,,False,0,,Metodologia de acordo com a Resolução CONAMA Nº 274/2000.,True,True,594328.0,9546646.0,,False,,,,,,,,,,,,,,,,,,,,,,,
11086,Resolução CONAMA 274/2000 - Balneabilidade,2018-08-01 00:00:00,Água de praia,2018-01-08 00:00:00,2018-01-08 00:00:00,True,446,800,False,0,,False,0,,False,0,,False,0,,False,0,,False,0,,False,0,,False,0,,False,0,,True,",",Resolução CONAMA 274/2000,27O - Posto 27 - Entre a Rua Seis Companheiros e a Rua Francisco Calaça - Fortaleza/CE,Para avaliação do interessado.,False,0,,False,0,,False,0,,False,0,,False,0,,False,0,,False,0,,False,0,,False,0,,False,0,,25,2018-01-25 11:50:05.87091,1.0,False,0,,False,0,,False,0,,False,0,,False,0,,Metodologia de acordo com a Resolução CONAMA Nº 274/2000.,True,True,547548.0,9591020.0,,False,,,,,,,,,,,,,,,,,,,,,,,
11201,Potabilidade,214/2018,Água  tratada.,2018-02-05 00:00:00,2018-02-05 00:00:00,True,71,7.4,True,72,5,True,75,1,True,433,3.6,True,76,96.5,True,78,Ausente,True,79,Ausente,True,80,96.5,True,82,115.9,True,83,15.2,True,335353,pela Portaria 2914/11 do Ministério da Saúde.,"Torneira do laboratório da ETA, localizada no Alto Fechado, Ancuri, no município de Pacatuba/CE","Dentre as análises efetuadas, a amostra apresentou-se de acordo com os padrões estabelecidos  pela Portaria N.° 2914/11, do Ministério da Saúde.",True,84,18.9,True,86,102.9,True,87,60,True,90,10.6,True,91,0.003,True,92,0.6,True,93,0.2,True,94,607,True,95,Zero,True,99,14,25,2018-02-16 09:05:36.825215,1.0,True,103,296,True,263,Zero,True,59,0.29,False,0,,False,0,,"Padrões de potabilidade estabelecidos pela Portaria N.° 2914/11, do Ministério da Saúde   <b>(NMP)</b> – Número Mais Provável<br>",True,True,,,,True,,,,,,,,,,,,,,,,,,,,,,,
11202,"ART. 11º. Efluentes não sanitários, lançamento direto em corpo hídrico:",82/2018,Efluente não sanitário tratado.,2018-01-17 00:00:00,2018-01-18 00:00:00,True,481,8.5,True,8,27.1,True,477,Ausência,True,473,6.8,True,13,ND,True,147,13,True,25,ND,True,261,Zero,True,297,1090,True,490,0.26,True,323744,Ressolução COEMA Nº 02/2017,Saída final da ETE,"Dentre as análises efetuadas, a amostra apresentou-se de acordo com os padrões estabelecidos pela  Resolução COEMA Nº 02/2017, Artigo 42º.",True,497,16.4,True,122,3000,True,252,0.2,False,0,,False,0,,False,0,,False,0,,False,0,,False,0,,False,0,,15,2018-03-01 14:46:04.004819,1.0,False,0,,False,0,,False,0,,False,0,,False,0,,"Padrões estabelecidos pela Resolução COEMA Nº. 02/2017, Art. 42° - Efluentes não sanitários, com reuso para fins urbanos (irrigação paisagística)   <br><b>(NMP)</b> – Número Mais Provável.<b> (ND)</b> - Não Determinado.",True,True,,,,True,,,,,,,,,,,,,,,,,,,,,,,
11481,Resolução CONAMA 274/2000 - Balneabilidade,246/2018,Água de praia,2018-02-15 00:00:00,2018-02-15 00:00:00,True,446,22,False,0,,False,0,,False,0,,False,0,,False,0,,False,0,,False,0,,False,0,,False,0,,True,",",Resolução CONAMA 274/2000,08L - Posto 8 - Entre os Postos dos Bombeiros 01 e 02 - Fortaleza/CE,Para avaliação do interessado.,False,0,,False,0,,False,0,,False,0,,False,0,,False,0,,False,0,,False,0,,False,0,,False,0,,25,2018-04-24 07:30:52.475405,1.0,False,0,,False,0,,False,0,,False,0,,False,0,,Metodologia de acordo com a Resolução CONAMA Nº 274/2000.,True,True,560304.0,9587850.0,,False,,,,,,,,,,,,,,,,,,,,,,,
11543,Resolução CONAMA 274/2000 - Balneabilidade,381/2018,Água de praia,2018-02-27 00:00:00,2018-02-27 00:00:00,True,446,330,False,0,,False,0,,False,0,,False,0,,False,0,,False,0,,False,0,,False,0,,False,0,,True,",",Resolução CONAMA 274/2000,11L – Posto 11 - Farol – Fortaleza/CE,Para avaliação do interessado.,False,0,,False,0,,False,0,,False,0,,False,0,,False,0,,False,0,,False,0,,False,0,,False,0,,25,2018-04-24 13:30:54.448211,1.0,False,0,,False,0,,False,0,,False,0,,False,0,,Metodologia de acordo com a Resolução CONAMA Nº 274/2000.,True,True,559165.0,9590078.0,,False,,,,,,,,,,,,,,,,,,,,,,,
11548,Resolução CONAMA 274/2000 - Balneabilidade,386/2018,Água de praia,2018-02-27 00:00:00,2018-02-27 00:00:00,True,446,45,False,0,,False,0,,False,0,,False,0,,False,0,,False,0,,False,0,,False,0,,False,0,,True,",",Resolução CONAMA 274/2000,16C – Posto 16 - Entre o espigão da Av. Desembargador Moreira e a Volta da Jurema – Fortaleza/CE,Para avaliação do interessado.,False,0,,False,0,,False,0,,False,0,,False,0,,False,0,,False,0,,False,0,,False,0,,False,0,,25,2018-04-24 13:32:41.037888,1.0,False,0,,False,0,,False,0,,False,0,,False,0,,Metodologia de acordo com a Resolução CONAMA Nº 274/2000.,True,True,556067.0,9588246.0,,False,,,,,,,,,,,,,,,,,,,,,,,
11572,Resolução CONAMA 274/2000 - Balneabilidade,430/2018,Água de praia,2018-03-06 00:00:00,2018-03-06 00:00:00,True,446,920,False,0,,False,0,,False,0,,False,0,,False,0,,False,0,,False,0,,False,0,,False,0,,True,",",Resolução CONAMA 274/2000,09L – Posto 9 - Entre a Rua Ismael Pordeus e o Posto dos Bombeiros 01 – Fortaleza/CE,Para avaliação do interessado.,False,0,,False,0,,False,0,,False,0,,False,0,,False,0,,False,0,,False,0,,False,0,,False,0,,25,2018-04-24 13:44:09.542183,1.0,False,0,,False,0,,False,0,,False,0,,False,0,,Metodologia de acordo com a Resolução CONAMA Nº 274/2000.,True,True,559972.0,9588568.0,,False,,,,,,,,,,,,,,,,,,,,,,,
11621,Resolução CONAMA 274/2000 - Balneabilidade,452/2018,Água de praia,2018-03-12 00:00:00,2018-03-12 00:00:00,True,446,1300,False,0,,False,0,,False,0,,False,0,,False,0,,False,0,,False,0,,False,0,,False,0,,True,",",Resolução CONAMA 274/2000,22O – Posto 22 - Entre a Rua Padre Mororó e a Av. Alberto Nepomuceno  – Fortaleza/CE,Para avaliação do interessado.,False,0,,False,0,,False,0,,False,0,,False,0,,False,0,,False,0,,False,0,,False,0,,False,0,,25,2018-04-24 13:58:49.195556,0.0,False,0,,False,0,,False,0,,False,0,,False,0,,Metodologia de acordo com a Resolução CONAMA Nº 274/2000.,True,True,552091.0,9588928.0,,False,,,,,,,,,,,,,,,,,,,,,,,
11650,Resolução CONAMA 274/2000 - Balneabilidade,349/2018,Água de praia,2018-02-22 00:00:00,2018-02-22 00:00:00,True,446,20,False,0,,False,0,,False,0,,False,0,,False,0,,False,0,,False,0,,False,0,,False,0,,True,",",Resolução CONAMA 274/2000,56OE - Restaurante do Milton - Praia da Lagoinha - Paraipaba/CE,Para avaliação do interessado.,False,0,,False,0,,False,0,,False,0,,False,0,,False,0,,False,0,,False,0,,False,0,,False,0,,25,2018-04-24 12:13:46.573009,1.0,False,0,,False,0,,False,0,,False,0,,False,0,,Metodologia de acordo com a Resolução CONAMA Nº 274/2000.,True,True,484315.0,9630296.0,,False,,,,,,,,,,,,,,,,,,,,,,,
11675,Resolução CONAMA 274/2000 - Balneabilidade,565/2018,Água de praia,2018-03-21 00:00:00,2018-03-21 00:00:00,True,446,78,False,0,,False,0,,False,0,,False,0,,False,0,,False,0,,False,0,,False,0,,False,0,,True,",",Resolução CONAMA 274/2000,45LE - Barraca o Casqueiro – Canoa Quebrada - Aracati/CE,Para avaliação do interessado.,False,0,,False,0,,False,0,,False,0,,False,0,,False,0,,False,0,,False,0,,False,0,,False,0,,25,2018-04-24 16:53:22.08515,1.0,False,0,,False,0,,False,0,,False,0,,False,0,,Metodologia de acordo com a Resolução CONAMA Nº 274/2000.,True,True,644533.0,9499546.0,,False,,,,,,,,,,,,,,,,,,,,,,,
11685,Resolução CONAMA 274/2000 - Balneabilidade,590/2018,Água de praia,2018-03-22 00:00:00,2018-03-22 00:00:00,True,446,< 18,False,0,,False,0,,False,0,,False,0,,False,0,,False,0,,False,0,,False,0,,False,0,,True,",",Resolução CONAMA 274/2000,55OE - Barraca da Baiana - Paracuru/CE,Para avaliação do interessado.,False,0,,False,0,,False,0,,False,0,,False,0,,False,0,,False,0,,False,0,,False,0,,False,0,,25,2018-04-25 09:41:59.574412,1.0,False,0,,False,0,,False,0,,False,0,,False,0,,Metodologia de acordo com a Resolução CONAMA Nº 274/2000.,True,True,496671.0,9623594.0,,False,,,,,,,,,,,,,,,,,,,,,,,
11790,Resolução CONAMA 274/2000 - Balneabilidade,667/2018,Água de praia,2018-04-02 00:00:00,2018-04-02 00:00:00,True,446,240,False,0,,False,0,,False,0,,False,0,,False,0,,False,0,,False,0,,False,0,,False,0,,True,",",Resolução CONAMA 274/2000,30O – Posto 30 - Entre a foz do Rio Ceará e a Rua das Goiabeiras – Fortaleza/CE,Para avaliação do interessado.,False,0,,False,0,,False,0,,False,0,,False,0,,False,0,,False,0,,False,0,,False,0,,False,0,,25,2018-04-25 13:50:15.877436,1.0,False,0,,False,0,,False,0,,False,0,,False,0,,Metodologia de acordo com a Resolução CONAMA Nº 274/2000.,True,True,546187.0,9591754.0,,False,,,,,,,,,,,,,,,,,,,,,,,
11901,Água doce Classe 2 – Ambiente Lêntico,,23423,2018-05-31 00:00:00,,True,105,,True,108,,True,107,,True,106,,True,109,,True,110,,True,153,,True,112,,True,116,,True,117,,False,",",para Classe 2 pela Resolução CONAMA 357/05,,"Dentre as análises efetuadas, a amostra apresentou-se de acordo com os padrões estabelecidos  para Classe 2 pela Resolução CONAMA 357/05",True,154,,True,118,,True,119,,True,120,,True,158,,True,59,,True,102,,True,122,,False,0,,False,0,,25,,,False,0,,False,0,,False,0,,False,0,,False,0,,"Padrões estabelecidos pela Resolução CONAMA Nº. 357/05, para águas doces Classe 2, ambiente lótico.<br><b>(NMP)</b> – Número mais provável.      <b>ND</b> - Não Determinado.",False,False,,,,True,13423423,23423423.0,23423423,234234234,,,,,,,,,,,,,,,,,,,
11993,"LAUDOS RIOS ANA - ÁGUAS DOCE, CLASSE 2",501/2018,Água do rio Salgado.,2018-04-14 00:00:00,2018-04-15 00:00:00,True,105,7.7,True,509,16.6,True,306,101,True,269,31.2,True,513,29.2,True,109,0.1,True,91,0.022,True,312,0.3,True,173,Zero,True,294,6.6,True,",",Resolução CONAMA 357/05,"Bacia do Salgado - Sede municipal, sob a ponte da CE-286.Aurora/CE","Dentre as análises efetuadas, a amostra apresentou os parâmetros <b>Cor, DBO, Fósforo Total e Coliformes Termotolerantes</b> em desacordo com os padrões estabelecidos pela Resolução CONAMA 357/05, para águas doces Classe 2.",True,117,7.4,True,212,255,True,119,12.7,True,120,10,True,310,0.8,True,216,11.6,True,184,162,True,102,174,True,482,,True,538,0.11,25,2018-10-06 11:02:47.798727,0.0,False,0,,False,0,,False,0,,False,0,,False,0,,"Padrões estabelecidos pela Resolução CONAMA Nº. 357/05, para águas doces Classe 2.   <br><b>(NMP)</b> - Número mais provável.<b> (ND)</b> - Não Determinado.",True,True,,,,True,Sa-3,36260001.0,-7.014167,-39.958056,,,,,,,,,,,,,,,,,,,
12011,"ART. 16º.  EFLUENTES NAÕ SANITÁRIOS, disposição no solo.",845/2018,Efluente sanitário tratado.,2018-05-14 00:00:00,2018-05-14 00:00:00,True,16,7.9,True,8,27.6,True,261,Zero,True,477,Ausência,True,478,15.6,True,403,0.943,True,474,42,False,0,,True,471,1464.5,False,0,,True,350497,Ressolução COEMA Nº 02/2017,Tanque séptico,"Dentre as análises efetuadas, a amostra apresentou os  parâmetros <b>Condutividade Elétrica e Coliformes Termotolerantes</b> em desacordo com os padrões estabelecidos pela Resolução COEMA Nº 02/2017, Artigo 16º.",True,473,24.4,False,0,,False,0,,False,0,,False,0,,False,0,,False,0,,False,0,,True,104,,False,0,,20,2018-06-04 12:48:53.502184,0.0,False,0,,False,0,,False,0,,False,0,,False,0,,"Padrões COEMA estabelecidos pela Resolução N.º 02/2017, Art. 16º, para efluentes tratados, com disposição no solo.",True,True,,,,False,,,,,,,,,,,,,,,,,,,,,,,
12025,Água doce Classe 2 – Ambiente Lótico,843/2018,Água do rio Ceará.,2018-05-14 00:00:00,2018-05-14 00:00:00,True,105,8.2,True,106,9.7,True,107,133,True,108,29.4,True,109,0.5,True,110,< LD,True,111,0.4,True,112,Zero,True,116,8.9,True,117,3.7,True,",",para Classe 2 pela Resolução CONAMA 357/05,"Bacia metropolitana - Nascente do rio Ceará, Riacho Recanto - Distrito de Amanari,  Serra do Rato.Maranguape/CE","Dentre as análises efetuadas, a amostra apresentou os parâmetros <b> Cor, Fósforo Total e Subst.Solúveis em Hexano</b> em desacordo com os padrões estabelecidos  pela Resolução CONAMA N.° 357/05, para águas doces Classe 2.",True,94,190,True,119,21,True,120,27,True,310,0.3,True,122,ND,True,184,180,True,102,186,True,187,6,True,538,0.1,True,154,79,25,2018-10-09 11:06:06.494225,0.0,True,157,17.6,True,441,26.5,False,0,,False,0,,False,0,,"Padrões estabelecidos pela Resolução CONAMA Nº. 357/05, para águas doces Classe 2.   <br><b>(NMP)</b> - Número Mais Provável.  <b> (LD)</b>- Limite de Detecção </b>",True,True,515518.0,9550968.0,,True,,,,,,,,,,,,,,,,,,,,,,,
12069,"LAUDOS RIOS ANA - ÁGUAS DOCE, CLASSE 2",906/2018,Água do rio Jaguaribe.,2018-06-05 00:00:00,2018-06-06 00:00:00,True,105,8.1,True,509,2.8,True,306,48,True,269,29.3,True,513,28,True,109,0.2,True,91,0.002,True,312,0.23,True,173,< LD,True,294,10.9,True,",",Resolução CONAMA 357/05,"Bacia do Médio Jaguaribe - Distrito de Cruzeirinho, Sítio França, passagem molhada do rio, encontro do rio Salgado com o rio Jaguaribe.Icó/CE","Dentre as análises efetuadas, a amostra apresentou o parâmetro <b> Fósforo Total </b> em desacordo com o padrão estabelecido pela Resolução CONAMA 357/05, para águas doces Classe 2.",True,117,3,True,212,465,True,119,123,True,120,8.5,True,310,0.21,True,216,2,True,184,456,True,102,458,True,482,170,True,538,0.2,25,2018-10-05 15:21:54.820111,0.0,False,0,,False,0,,False,0,,False,0,,False,0,,"Padrões estabelecidos pela Resolução CONAMA Nº. 357/05, para águas doces Classe 2.   <br><b>(NMP)</b> - Número mais provável.<b> (ND)</b> - Não Determinado.",True,True,,,,True,MJ-5,36191000.0,-6.253492,-38.753206,,,,,,,,,,,,,,,,,,,
12092,"LAUDOS RIOS ANA - ÁGUAS DOCE, CLASSE 2",944/2018,Água do rio Salgado.,2018-06-13 00:00:00,2018-06-14 00:00:00,True,105,8.5,True,509,4,True,306,34,True,269,31.3,True,513,31.7,True,109,0.4,True,91,0.003,True,312,0.3,True,173,17,True,294,10.2,True,",",Resolução CONAMA 357/05,"Bacia do Salgado - Sede municipal, sob a ponte da Rodovia Dep. Tarcísio Monteiro. Icó/CE","Dentre as análises efetuadas, a amostra apresentou o parâmetro <b>Fósforo Total </b> em desacordo com o padrão estabelecido pela Resolução CONAMA 357/05, para águas doces Classe 2.",True,117,1.2,True,212,383,True,119,27,True,120,10.7,True,310,0.4,True,216,14,True,184,182,True,102,196,True,482,78,True,538,0.2,25,2018-10-09 08:15:06.324778,0.0,False,0,,False,0,,False,0,,False,0,,False,0,,"Padrões estabelecidos pela Resolução CONAMA Nº. 357/05, para águas doces Classe 2.   <br><b>(NMP)</b> - Número mais provável.<b> (ND)</b> - Não Determinado.",True,True,,,,True,Sa -1,36290001.0,-6.253492,-38.753206,,,,,,,,,,,,,,,,,,,
12190,Resolução CONAMA 274/2000 - Balneabilidade,1019/2018,Água de praia,2018-07-09 00:00:00,2018-07-09 00:00:00,True,446,240,False,0,,False,0,,False,0,,False,0,,False,0,,False,0,,False,0,,False,0,,False,0,,True,",",Resolução CONAMA 274/2000,05L – Posto 5 - Entre a Praça 31 de Março e o Posto dos Bombeiros 04 – Fortaleza/CE,Para avaliação do interessado.,False,0,,False,0,,False,0,,False,0,,False,0,,False,0,,False,0,,False,0,,False,0,,False,0,,25,2018-07-30 10:06:04.266464,1.0,False,0,,False,0,,False,0,,False,0,,False,0,,Metodologia de acordo com a Resolução CONAMA Nº 274/2000.,True,True,561309.0,9585906.0,,False,,,,,,,,,,,,,,,,,,,,,,,
12257,Resolução CONAMA 274/2000 - Balneabilidade,1063/2018,Água de praia,2018-07-23 00:00:00,2018-07-23 00:00:00,True,446,< 18,False,0,,False,0,,False,0,,False,0,,False,0,,False,0,,False,0,,False,0,,False,0,,True,",",Resolução CONAMA 274/2000,20C - Posto 20 - Entre o Aquário e o espigão da Rua João Cordeiro - Fortaleza/CE,Para avaliação do interessado.,False,0,,False,0,,False,0,,False,0,,False,0,,False,0,,False,0,,False,0,,False,0,,False,0,,25,2018-08-08 13:35:11.210635,1.0,False,0,,False,0,,False,0,,False,0,,False,0,,Metodologia de acordo com a Resolução CONAMA Nº 274/2000.,True,True,553570.0,9589032.0,,False,,,,,,,,,,,,,,,,,,,,,,,
12261,Resolução CONAMA 274/2000 - Balneabilidade,1067/2018,Água de praia,2018-07-23 00:00:00,2018-07-23 00:00:00,True,446,340,False,0,,False,0,,False,0,,False,0,,False,0,,False,0,,False,0,,False,0,,False,0,,True,",",Resolução CONAMA 274/2000,31O - Posto 31 - Barra do Ceará - Fortaleza/CE,Para avaliação do interessado.,False,0,,False,0,,False,0,,False,0,,False,0,,False,0,,False,0,,False,0,,False,0,,False,0,,25,2018-08-08 13:27:22.262509,1.0,False,0,,False,0,,False,0,,False,0,,False,0,,Metodologia de acordo com a Resolução CONAMA Nº 274/2000.,True,True,545929.0,9591612.0,,False,,,,,,,,,,,,,,,,,,,,,,,
12357,Resolução CONAMA 274/2000 - Balneabilidade,1153/2018,Água da praia,2018-08-27 00:00:00,2018-08-27 00:00:00,True,446,<18,False,0,,False,0,,False,0,,False,0,,False,0,,False,0,,False,0,,False,0,,False,0,,True,",",Resolução CONAMA 274/2000,11L - Posto 11 - Farol - Fortaleza/CE,Para a avaliação do interessado.,False,0,,False,0,,False,0,,False,0,,False,0,,False,0,,False,0,,False,0,,False,0,,False,0,,25,2018-08-29 16:46:33.765243,1.0,False,0,,False,0,,False,0,,False,0,,False,0,,Metodologia de acordo com a Resolução CONAMA Nº 274/2000.,True,True,559165.0,9590078.0,,False,,,,,,,,,,,,,,,,,,,,,,,
12370,Água doce Classe 2 - Ambiente Lótico,1144/2018,Agua do rio Mundau,2018-08-21 00:00:00,2018-08-22 00:00:00,True,105,6.9,True,106,14.2,True,107,75,True,108,28.7,True,109,5.4,True,110,0.007,True,111,0.4,True,112,< LD,True,116,5,True,117,1.7,True,",",para Classe 2 pela Resolução CONAMA 357/05,Bacia do Litoral -Distrito de Barreto. Sob a ponte na CE-085 (Rotatória Baleia-Itarema)Itapipoca/CE,"Dentre as análises efetuadas, a amostra apresentou-se de acordo com os padrões estabelecidos  para Classe 2 pela Resolução CONAMA 357/05",True,212,515.5,True,119,77.8,True,120,10.7,True,156,0.6,True,122,45,True,240,70,True,242,Ausente,True,79,Ausente,True,244,70,True,59,0.23,25,2018-10-23 10:15:04.709085,1.0,True,187,7.6,True,447,322,True,102,329.6,True,441,27.7,True,274,16.7,"Padrões estabelecidos pela Resolução CONAMA Nº. 357/05, para águas doces Classe 2.   <b>(NMP)</b> - Número mais provável",True,True,,,,True,,,,,,,,,,,,,,,,,,,,,,,
12418,bal,,Água de praia,2018-09-10 00:00:00,2018-09-10 00:00:00,True,333,2,False,0,,False,0,,False,0,,False,0,,False,0,,False,0,,False,0,,False,0,,False,0,,False,,Resolução CONAMA 274/2000,05L - Posto 5 - Entre a Praça 31 de Março e o Posto dos Bombeiros 04 - Fortaleza/CE,Para avaliação do interessado.,False,0,,False,0,,False,0,,False,0,,False,0,,False,0,,False,0,,False,0,,False,0,,False,0,,10,2018-10-01 14:56:09.797561,1.0,False,0,,False,0,,False,0,,False,0,,False,0,,Padrões da Resolução CONAMA N.° 274/2000 .<b> </b> (NMP) Número Mais Provável.,False,False,561309.0,9585906.0,,False,,,,,,,,,,,,,,,,,,,,,,,
12612,Resolução CONAMA 274/2000 - Balneabilidade,1106/2018,Água da praia,2018-08-08 00:00:00,2018-08-08 00:00:00,True,446,130,False,0,,False,0,,False,0,,False,0,,False,0,,False,0,,False,0,,False,0,,False,0,,True,",",Resolução CONAMA 274/2000,15C - Posto 15 Entre a Volta da Jurema  e a foz do Riacho Maceió - Fortaleza/CE,Para a avaliação do interessado.,False,0,,False,0,,False,0,,False,0,,False,0,,False,0,,False,0,,False,0,,False,0,,False,0,,25,2018-10-24 16:09:00.874613,1.0,False,0,,False,0,,False,0,,False,0,,False,0,,Metodologia de acordo com a Resolução CONAMA Nº 274/2000.,True,True,556567.0,9588330.0,,False,,,,,,,,,,,,,,,,,,,,,,,
12637,Resolução CONAMA 274/2000 - Balneabilidade,1290/2018,Água da praia,2018-10-10 00:00:00,2018-10-10 00:00:00,True,446,<18,False,0,,False,0,,False,0,,False,0,,False,0,,False,0,,False,0,,False,0,,False,0,,True,",",Resolução CONAMA 274/2000,20C - Posto 20 Entre o Aquário e o espigão da Rua João Cordeiro  - Fortaleza/CE,Para a avaliação do interessado.,False,0,,False,0,,False,0,,False,0,,False,0,,False,0,,False,0,,False,0,,False,0,,False,0,,25,2018-10-24 13:40:23.322898,1.0,False,0,,False,0,,False,0,,False,0,,False,0,,Metodologia de acordo com a Resolução CONAMA Nº 274/2000.,True,True,553570.0,9589032.0,,False,,,,,,,,,,,,,,,,,,,,,,,
12719,Resolução CONAMA 274/2000 - Balneabilidade,1350/2018,Água da praia,2018-11-05 00:00:00,2018-11-05 00:00:00,True,446,20,False,0,,False,0,,False,0,,False,0,,False,0,,False,0,,False,0,,False,0,,False,0,,True,",",Resolução CONAMA 274/2000,20C - Posto 20 - Entre o Aquário e o espigão da Rua João Cordeiro - Fortaleza/CE,Para avaliação do interessado.,False,0,,False,0,,False,0,,False,0,,False,0,,False,0,,False,0,,False,0,,False,0,,False,0,,25,2018-11-20 15:26:04.053562,1.0,False,0,,False,0,,False,0,,False,0,,False,0,,Metodologia de acordo com a Resolução CONAMA Nº 274/2000.,True,True,553570.0,9589032.0,,False,,,,,0.0,0.0,,0.0,0.0,,0.0,0.0,,0.0,0.0,,0.0,0.0,,,,,
12755,"ART. 24º. Efluentes não sanitários, lançamento em Rede coletora de esgoto.",1380/2018,Efluente não sanitário tratado,2018-11-13 00:00:00,2018-11-13 00:00:00,True,6,7.8,True,8,27,True,494,5,True,456,12,True,495,458,True,493,150,True,417,66,True,13,0.232,True,496,2.3,False,0,4.1,True,315708,Ressolução COEMA Nº 02/2017,Saída final da E.T.E.,"Dentre as análises efetuadas, a amostra apresentou-se de acordo com os padrões estabelecidos pela Resolução COEMA Nº 02/2017, Artigo 24º.",False,0,,False,0,,False,0,,False,0,,False,0,,False,0,,False,0,,False,0,,False,0,,False,0,,15,2018-11-21 10:29:51.734994,1.0,False,0,,False,0,,False,0,,False,0,,False,0,,"Padrões da Resolução COEMA N.º 02/2017, Art. 24º, para efluentes não sanitários, com lançamento em rede pública coletora de esgoto.",True,True,,,,True,,,,,0.0,0.0,,0.0,0.0,,0.0,0.0,,0.0,0.0,,0.0,0.0,,,,,
12792,Água doce Classe 2 - Ambiente Lótico,1376/2018,Água do rio Mundaú,2018-11-12 00:00:00,2018-11-12 00:00:00,True,105,7.3,True,106,3.3,True,107,56,True,108,25.9,True,109,0.3,True,110,0.002,True,111,0.22,True,112,Zero,True,116,6.2,True,117,9.6,True,",",para Classe 2 pela Resolução CONAMA 357/05,Bacia do Litoral -Sede municipal. Sob a ponte na Av. José Lopes Cabral.Uruburetama/CE,"Dentre as análises efetuadas, a amostra apresentou os parâmetros <b>DBO, Fósforo Total e Coliformes Termotolerantes </b> em desacordo com os padrões estabelecidos   pela Resolução CONAMA 357/05,para águas doces Classe 2.",True,212,183.4,True,119,25,True,120,6.6,True,310,0.59,True,122,3500,True,534,0.09,True,517,2,True,447,138,True,102,140,False,0,< LD,30,2018-12-10 14:57:43.379047,0.0,True,76,50,True,78,Ausente,True,79,Ausente,True,80,50,True,513,27.4,"Padrões estabelecidos pela Resolução CONAMA Nº. 357/05, para águas doces Classe 2.   <b>(NMP)</b> - Número mais provável",True,True,444647.0,9599292.0,,True,,,,,1.0,289.0,,0.0,0.0,,0.0,0.0,,0.0,0.0,,0.0,0.0,,,,,
12795,"ART. 24º. Efluentes não sanitários, lançamento em Rede coletora de esgoto.",1421/2018,Efluente não sanitário tratado,2018-11-28 00:00:00,2018-11-28 00:00:00,True,6,7.8,True,8,26.3,True,494,0.3,True,456,18.8,True,495,23,True,493,6,True,417,28,True,13,0.005,True,496,0.12,False,0,,True,349546,Ressolução COEMA Nº 02/2017,Saída do Sistema Separador de Água e Óleo - SAO,"Dentre as análises efetuadas, a amostra apresentou-se de acordo com os padrões estabelecidos pela Resolução COEMA Nº 02/2017, Artigo 24º.",False,0,,False,0,,False,0,,False,0,,False,0,,False,0,,False,0,,False,0,,False,0,,False,0,,15,2018-12-03 11:30:29.097516,1.0,False,0,,False,0,,False,0,,False,0,,False,0,,"Padrões estabelecidos pela Resolução COEMA N.º 02/2017, Art. 24º, para efluentes não sanitários, com lançamento em rede coletora pública de esgoto. <br>",True,True,,,,True,,,,,0.0,0.0,,0.0,0.0,,0.0,0.0,,0.0,0.0,,0.0,0.0,,,,,
12827,"ART. 11º. Efluentes não sanitários, lançamento direto em corpo hídrico:",,Efluente não sanitário tratado,2018-12-04 00:00:00,2018-12-05 00:00:00,True,481,8.7,True,8,30.7,True,477,Ausência,True,473,29,True,13,0.017,True,147,137,True,25,53,True,261,Zero,True,297,13780,True,490,2.4,False,,Ressolução COEMA Nº 02/2017,Torneira do 3º tanque de armazenamento,"Dentre as análises efetuadas, a amostra apresentou o parâmetro <b> Condutividade Eletrica </b> em desacordo com o padrão estabelecido  pela Resolução COEMA Nº 02/2017, Artigo 42º.",True,497,9.2,False,0,,False,0,,True,104,<1.8,False,0,,False,0,,False,0,,False,0,,False,0,,False,0,,15,2018-12-13 14:37:37.918315,1.0,False,0,,False,0,,False,0,,False,0,,False,0,,"Padrões estabelecidos pela Resolução COEMA Nº. 02/2017, Artigo 42º, para efluentes não sanitários, com reuso para fins urbanos.   <br><b>(NMP)</b> - Número Mais Provável.<b>",False,False,,,,True,,,,,0.0,0.0,,0.0,0.0,,0.0,0.0,,0.0,0.0,,0.0,0.0,,,,,
12921,Resolução CONAMA 274/2000 - Balneabilidade,25/2019,Água da praia,2019-01-15 00:00:00,2019-01-15 00:00:00,True,446,240,False,0,,False,0,,False,0,,False,0,,False,0,,False,0,,False,0,,False,0,,False,0,,True,",",Resolução CONAMA 274/2000,02L - Posto 2 - Entre os Postos dos Bombeiros 07 e 08 - Fortaleza/CE,Resultado para avaliação do interessado.,False,0,,False,0,,False,0,,False,0,,False,0,,False,0,,False,0,,False,0,,False,0,,False,0,,25,2019-01-30 10:03:57.195578,1.0,False,0,,False,0,,False,0,,False,0,,False,0,,Metodologia de acordo com a Resolução CONAMA Nº 274/2000.,True,True,562251.0,9584014.0,,False,,,,,0.0,0.0,,0.0,0.0,,0.0,0.0,,0.0,0.0,,0.0,0.0,,10:43:00,11:30:00,propria,25.0
13006,"ART. 24º. Efluentes não sanitários, lançamento em Rede coletora de esgoto.",63/2019,Efluente não sanitário tratado,2019-02-11 00:00:00,2019-02-11 00:00:00,True,6,9.5,True,8,30.9,True,494,0.3,True,456,19.2,True,495,1.8,True,493,ND,True,417,12,True,13,0.032,True,496,1.2,False,0,,True,338394,Ressolução COEMA Nº 02/2017,Saída final da E.T.E.,"Dentre as análises efetuadas, a amostra apresentou-se de acordo com os padrões estabelecidos pela Resolução COEMA Nº 02/2017. Artigo 24º.",False,0,,False,0,,False,0,,False,0,,False,0,,False,0,,False,0,,False,0,,False,0,,False,0,,15,2019-02-25 15:11:35.344499,1.0,False,0,,False,0,,False,0,,False,0,,False,0,,"Padrões estabelecidos pela Resolução COEMA N.º 02/2017, Art. 24º, para efluentes não sanitários, com lançamento em rede pública coletora de esgoto. <br> <b> (ND) </b> - Não Determinado.",True,True,,,,True,,,,,0.0,0.0,,0.0,0.0,,0.0,0.0,,0.0,0.0,,0.0,0.0,,11:50:00,16:00:00,Licenciamento,
13052,Resolução CONAMA 274/2000 - Balneabilidade,109/2019,água da praia,2019-02-26 00:00:00,2019-02-26 00:00:00,True,446,2200,False,0,,False,0,,False,0,,False,0,,False,0,,False,0,,False,0,,False,0,,False,0,,True,",",Resolução CONAMA 274/2000,"11L - Posto 11 - Farol, Fortaleza/CE",Para avaliação do interessado.,False,0,,False,0,,False,0,,False,0,,False,0,,False,0,,False,0,,False,0,,False,0,,False,0,,25,2019-03-13 14:58:08.897502,0.0,False,0,,False,0,,False,0,,False,0,,False,0,,Metodologia de acordo com a Resolução CONAMA Nº 274/2000.,True,True,559135.0,9590027.0,,False,,,,,0.0,0.0,,0.0,0.0,,0.0,0.0,,0.0,0.0,,0.0,0.0,,10:00:00,11:00:00,propria,25.0
13229,Resolução CONAMA 274/2000 - Balneabilidade,296/2019,água da praia,2019-04-29 00:00:00,2019-04-29 00:00:00,True,446,79,False,0,,False,0,,False,0,,False,0,,False,0,,False,0,,False,0,,False,0,,False,0,,True,",",Resolução CONAMA 274/2000,05L - Posto 5 - Entre a Praça 31 de Março até Posto dos Bombeiros 04 Fortaleza/CE,"Dentre as análises efetuadas, a amostra apresentou-se de acordo com os padrões estabelecidos  Resolução CONAMA 274/2000",False,0,,False,0,,False,0,,False,0,,False,0,,False,0,,False,0,,False,0,,False,0,,False,0,,25,2019-05-03 17:18:14.802861,1.0,False,0,,False,0,,False,0,,False,0,,False,0,,Metodologia de acordo com a Resolução CONAMA Nº 274/2000.,True,True,561424.0,9585578.0,,False,,,,,0.0,0.0,,0.0,0.0,,0.0,0.0,,0.0,0.0,,0.0,0.0,,11:40:00,12:20:00,propria,25.0
13314,Potabilidade,354/2019,Água  tratada.,2019-05-21 00:00:00,2019-05-21 00:00:00,True,71,7.5,True,72,13,True,75,1.1,True,96,3.2,True,76,168.3,True,78,Ausente,True,79,Ausente,True,80,168.3,True,82,279.4,True,83,48.2,True,313627,"pela Portaria de Consolidação Nº 5, de 28/09/2017, Anexo XX, do Ministério da Saúde","Torneira do reservatório de distribuição da ETA, localizada no Alto do Boqueirão, s/n, na sede do município de Quixeramobim/CE","Dentre as análises efetuadas, a amostra apresentou-se de acordo com os padrões estabelecidos pela Portaria de Consolidação Nº 5, de 28/09/2017, Anexo XX, do Ministério da Saúde.",True,84,38.7,True,86,138,True,87,57.7,True,90,14.4,True,91,0.001,True,92,0.4,True,93,0.17,True,94,112.9,True,95,0.19,True,99,60,25,2019-06-06 10:55:08.134095,1.0,True,103,56.1,True,565,Ausente,False,0,,False,0,,False,0,,"Padrões de potabilidade estabelecido pela Portaria de Consolidação, Nº 5, de 28/09/2017, Anexo XX, do Ministério da Saúde   <b>(NMP)</b> - Número Mais Provável",True,True,,,,True,,,,,0.0,0.0,,0.0,0.0,,0.0,0.0,,0.0,0.0,,0.0,0.0,,10:25:00,13:45:00,Licenciamento,
13331,Água doce Classe 2 - Ambiente Lótico,339/2019,Água do rio Pacoti,2019-05-14 00:00:00,2019-05-14 00:00:00,True,105,6.9,True,106,6.7,True,107,ND,True,108,23.2,True,109,0.8,True,110,Zero,True,111,0.63,True,112,Zero,True,116,1,True,117,4.1,True,",",para Classe 2 pela Resolução CONAMA 357/05,Bacia Metropolitana - Nascente do rio Divisa municipal entre Guaramiranga e Pacoti (CE-065). Guaramiranga/CE,"Dentre as análises efetuadas, a amostra apresentou os parâmetros <b>OD e Fósforo Total </b> em desacordo com os padrões estabelecidos  pela Resolução CONAMA n° 357/05 para águas doces, Classe 2.",True,94,318,True,119,30.1,True,120,ND,True,156,0.136,True,122,ND,True,209,42.7,True,76,89.1,True,78,Ausente,True,79,Ausente,True,80,89.1,25,2019-07-03 14:32:19.959579,0.0,True,538,0.15,True,517,ND,True,184,131.7,True,102,272,True,441,25.6,"Padrões estabelecidos pela Resolução CONAMA n° 357/05 para águas doces, Classe 2. <b>(NMP)</b> - Número mais provável.<b>(ND) </b>- Não determinado.",True,True,504751.0,9533009.0,,True,,,,,0.0,0.0,,0.0,0.0,,0.0,0.0,,0.0,0.0,,0.0,0.0,,10:19:00,14:30:00,propria,20.0
13338,Resolução CONAMA 274/2000 - Balneabilidade,366/2019,água da praia,2019-05-22 00:00:00,2019-05-22 00:00:00,True,446,3500,False,0,,False,0,,False,0,,False,0,,False,0,,False,0,,False,0,,False,0,,False,0,,True,",",Resolução CONAMA 274/2000,"15C - Posto 15 - Entre a Volta da Jurema até foz do Riacho Maceió, Fortaleza/CE",Para avaliação do interessado.,False,0,,False,0,,False,0,,False,0,,False,0,,False,0,,False,0,,False,0,,False,0,,False,0,,25,2019-06-13 16:23:34.341793,0.0,False,0,,False,0,,False,0,,False,0,,False,0,,Metodologia de acordo com a Resolução CONAMA Nº 274/2000.,True,True,556513.0,9588294.0,,False,,,,,0.0,0.0,,0.0,0.0,,0.0,0.0,,0.0,0.0,,0.0,0.0,,11:25:00,13:00:00,propria,25.0
13365,Resolução CONAMA 274/2000 - Balneabilidade,390/2019,água da praia,2019-05-27 00:00:00,2019-05-27 00:00:00,True,446,>16000,False,0,,False,0,,False,0,,False,0,,False,0,,False,0,,False,0,,False,0,,False,0,,True,",",Resolução CONAMA 274/2000,15C - Posto 15 - Entre a Volta da Jurema até foz do Riacho Maceió,Para avaliação do interessado,False,0,,False,0,,False,0,,False,0,,False,0,,False,0,,False,0,,False,0,,False,0,,False,0,,25,2019-06-17 11:44:58.015354,0.0,False,0,,False,0,,False,0,,False,0,,False,0,,Metodologia de acordo com a Resolução CONAMA Nº 274/2000.,True,True,556513.0,9588294.0,,False,,,,,0.0,0.0,,0.0,0.0,,0.0,0.0,,0.0,0.0,,0.0,0.0,,10:05:00,12:30:00,propria,25.0
13400,Água doce Classe 2 - Ambiente Lótico,356/2019,Água do rio Mundaú,2019-05-21 00:00:00,2019-05-22 00:00:00,True,105,6.6,True,106,6.8,True,107,ND,True,108,24.8,True,109,0.3,True,110,0.003,True,111,0.19,True,112,5,True,116,6.8,True,117,4.75,True,",",para Classe 2 pela Resolução CONAMA 357/05,Bacia do Litoral - Distrito de Mundaú. Nascente localizada no Sítio São Luiz. Uruburetama/CE.,"Dentre as análises efetuadas, a amostra apresentou o parâmetro <b>Fósforo Total </b> em  desacordo com os padrões estabelecidos pela Resolução CONAMA nº 357/05 para águas doces, Classe 2.",True,212,109,True,119,18.4,True,120,ND,True,310,0.18,True,122,78,True,538,0.05,True,517,ND,True,184,48.6,True,102,180,True,274,16.4,25,2019-08-02 16:15:27.602521,0.0,True,513,27.2,True,76,31.6,True,78,Ausente,True,79,Ausente,True,80,31.6,"Padrões estabelecidos pela Resolução CONAMA nº 357/05 para águas doces, Classe 2. <b>(NMP)</b> - Número mais provável. <b>(ND)</b>- Não Determinado.",True,True,431878.0,9601534.0,,True,,,,,0.0,0.0,,0.0,0.0,,0.0,0.0,,0.0,0.0,,0.0,0.0,,12:30:00,08:40:00,propria,20.0
13427,"ART. 11º. Efluentes não sanitários, lançamento direto em corpo hídrico:",569/2019,Efluente não sanitário tratado,2019-06-18 00:00:00,2019-06-18 00:00:00,True,16,7.4,True,8,28.7,True,477,Ausência,True,473,ND,True,13,0.003,True,147,2,True,25,17.4,True,261,Zero,False,0,,True,490,0.21,True,344310,Ressolução COEMA Nº 02/2017,Saída do Sistema Separador de Água e Óleo - S.A.O.,"Dentre as análises efetuadas, a amostra apresentou-se de acordo com os padrões estabelecidos pela Resolução COEMA Nº 02/2017, Artigo 11º.",True,497,12,False,0,,False,0,,True,104,< 18,False,0,,False,0,,False,0,,False,0,,False,0,,False,0,,15,2019-07-08 11:26:46.050894,1.0,False,0,,False,0,,False,0,,False,0,,False,0,,"Padrões estabelecidos pela Resolução COEMA Nº. 02/2017, Art. 11º, para efluentes não sanitários, com lançamento direto em corpo hídrico.   <br><b>(NMP)</b> - Número Mais Provável.<b> (ND)</b> - Não Determinado.",True,True,,,,True,,,,,0.0,0.0,,0.0,0.0,,0.0,0.0,,0.0,0.0,,0.0,0.0,,09:45:00,11:10:00,Licenciamento,
13576,"ART. 24º. Efluentes não sanitários, lançamento em Rede coletora de esgoto.",715/2019,Efluente não sanitário tratado,2019-07-09 00:00:00,2019-07-09 00:00:00,True,6,7.5,True,8,28.1,True,494,Zero,True,456,4.4,True,495,130.2,True,493,ND,True,417,51,True,13,0.894,True,496,4,False,0,,True,349820,Ressolução COEMA Nº 02/2017,Saída do Sistema Separador de Água e Óleo - S.A.O.,"Dentre as análises efetuadas, a amostra apresentou-se de acordo com os padrões estabelecidos pela Resolução COEMA Nº 02/2017, Artigo 24º.",False,0,,False,0,,False,0,,False,0,,False,0,,False,0,,False,0,,False,0,,False,0,,False,0,,15,2019-08-01 11:03:27.045797,1.0,False,0,,False,0,,False,0,,False,0,,False,0,,"Padrões COEMA da Resolição N.º 02/2017, Art. 24º. para efluente não sanitário, com lançamento em rede pública coletora de esgoto. <br> <b> (NMP)</b> - Número Mais Provável. <b> (ND) </b> - Não Determinado.",True,True,,,,True,,,,,0.0,0.0,,0.0,0.0,,0.0,0.0,,0.0,0.0,,0.0,0.0,,09:10:00,11:07:00,Licenciamento,
13649,Resolução CONAMA 274/2000 - Balneabilidade,594/2019,Água de praia,2019-06-24 00:00:00,2019-06-24 00:00:00,True,446,130,False,0,,False,0,,False,0,,False,0,,False,0,,False,0,,False,0,,False,0,,False,0,,True,",",Resolução CONAMA 274/2000,22O - Posto 22: Entre a Rua Padre Mororó e a Av. Alberto Nepomuceno - Fortaleza/CE,Para avaliação do interessado.,False,0,,False,0,,False,0,,False,0,,False,0,,False,0,,False,0,,False,0,,False,0,,False,0,,25,2019-08-02 15:04:07.333631,1.0,False,0,,False,0,,False,0,,False,0,,False,0,,Metodologia de acordo com a Resolução CONAMA Nº 274/2000.,True,True,552053.0,9588864.0,,False,,,,,0.0,0.0,,0.0,0.0,,0.0,0.0,,0.0,0.0,,0.0,0.0,,09:43:00,12:30:00,propria,
13657,Resolução CONAMA 274/2000 - Balneabilidade,841/2019,água da praia,2019-07-26 00:00:00,2019-07-26 00:00:00,True,446,<18,False,0,,False,0,,False,0,,False,0,,False,0,,False,0,,False,0,,False,0,,False,0,,True,",",Resolução CONAMA 274/2000,54OE - Taíba (Paraipaba),"Dentre as análises efetuadas, a amostra apresentou-se de acordo com os padrões estabelecidos  Resolução CONAMA 274/2000",False,0,,False,0,,False,0,,False,0,,False,0,,False,0,,False,0,,False,0,,False,0,,False,0,,25,2019-08-02 16:06:55.848427,1.0,False,0,,False,0,,False,0,,False,0,,False,0,,Metodologia de acordo com a Resolução CONAMA Nº 274/2000.,True,True,511576.0,9612496.0,,False,,,,,0.0,0.0,,0.0,0.0,,0.0,0.0,,0.0,0.0,,0.0,0.0,,08:20:00,10:20:00,propria,25.0
13669,Resolução CONAMA 274/2000 - Balneabilidade,599/2019,Água de praia,2019-06-24 00:00:00,2019-06-24 00:00:00,True,446,9200,False,0,,False,0,,False,0,,False,0,,False,0,,False,0,,False,0,,False,0,,False,0,,True,",",Resolução CONAMA 274/2000,27O - Posto 27: Entre a Rua Seis Companheiros e a Rua Francisco Calaça - Fortaleza/CE,Para avaliação do interessado.,False,0,,False,0,,False,0,,False,0,,False,0,,False,0,,False,0,,False,0,,False,0,,False,0,,25,2019-08-05 08:53:30.597107,0.0,False,0,,False,0,,False,0,,False,0,,False,0,,Metodologia de acordo com a Resolução CONAMA Nº 274/2000.,True,True,547504.0,9590928.0,,False,,,,,0.0,0.0,,0.0,0.0,,0.0,0.0,,0.0,0.0,,0.0,0.0,,10:06:00,12:30:00,propria,
13707,Resolução CONAMA 274/2000 - Balneabilidade,751/2019,água da praia,2019-07-11 00:00:00,2019-07-12 00:00:00,True,446,20,False,0,,False,0,,False,0,,False,0,,False,0,,False,0,,False,0,,False,0,,False,0,,True,",",Resolução CONAMA 274/2000,66OE - Preá (Cruz),"Dentre as análises efetuadas, a amostra apresentou-se de acordo com os padrões estabelecidos  Resolução CONAMA 274/2000",False,0,,False,0,,False,0,,False,0,,False,0,,False,0,,False,0,,False,0,,False,0,,False,0,,25,2019-08-05 16:49:01.168846,1.0,False,0,,False,0,,False,0,,False,0,,False,0,,Metodologia de acordo com a Resolução CONAMA Nº 274/2000.,True,True,342736.0,9689042.0,,False,,,,,0.0,0.0,,0.0,0.0,,0.0,0.0,,0.0,0.0,,0.0,0.0,,17:50:00,09:30:00,propria,25.0
13769,Resolução CONAMA 274/2000 - Balneabilidade,863/2019,Água de praia,2019-07-29 00:00:00,2019-07-29 00:00:00,True,446,2400,False,0,,False,0,,False,0,,False,0,,False,0,,False,0,,False,0,,False,0,,False,0,,True,",",Resolução CONAMA 274/2000,13C - Posto 13: Entre o Monumento do Jangadeiro e a Praia dos Botes - Fortaleza/CE,Para avaliação do interessado.,False,0,,False,0,,False,0,,False,0,,False,0,,False,0,,False,0,,False,0,,False,0,,False,0,,25,2019-08-12 11:20:57.025301,0.0,False,0,,False,0,,False,0,,False,0,,False,0,,Metodologia de acordo com a Resolução CONAMA Nº 274/2000.,True,True,557813.0,9588604.0,,False,,,,,0.0,0.0,,0.0,0.0,,0.0,0.0,,0.0,0.0,,0.0,0.0,,11:46:00,14:00:00,propria,
13870,Resolução CONAMA 274/2000 - Balneabilidade,686/2019,água da praia,2019-07-08 00:00:00,2019-07-08 00:00:00,True,446,22,False,0,,False,0,,False,0,,False,0,,False,0,,False,0,,False,0,,False,0,,False,0,,True,",",Resolução CONAMA 274/2000,05L - Posto 5 - Entre a Praça 31 de Março até Posto dos Bombeiros 04 Fortaleza/CE,"Dentre as análises efetuadas, a amostra apresentou-se de acordo com os padrões estabelecidos  Resolução CONAMA 274/2000",False,0,,False,0,,False,0,,False,0,,False,0,,False,0,,False,0,,False,0,,False,0,,False,0,,25,2019-08-22 16:31:25.121288,1.0,False,0,,False,0,,False,0,,False,0,,False,0,,Metodologia de acordo com a Resolução CONAMA Nº 274/2000.,True,True,561424.0,9585578.0,,False,,,,,0.0,0.0,,0.0,0.0,,0.0,0.0,,0.0,0.0,,0.0,0.0,,11:30:00,12:30:00,propria,25.0
14050,Resolução CONAMA 274/2000 - Balneabilidade,954/2019,água da praia,2019-08-12 00:00:00,2019-08-12 00:00:00,True,446,<18,False,0,,False,0,,False,0,,False,0,,False,0,,False,0,,False,0,,False,0,,False,0,,True,",",Resolução CONAMA 274/2000,16C - Posto 16 - Entre o Espigão da Desembargador Moreira até a Volta da Jurema. Fortaleza/CE,"Dentre as análises efetuadas, a amostra apresentou-se de acordo com os padrões estabelecidos  Resolução CONAMA 274/2000",False,0,,False,0,,False,0,,False,0,,False,0,,False,0,,False,0,,False,0,,False,0,,False,0,,25,2019-09-17 16:22:09.649836,1.0,False,0,,False,0,,False,0,,False,0,,False,0,,Metodologia de acordo com a Resolução CONAMA Nº 274/2000.,True,True,556043.0,9588132.0,,False,,,,,0.0,0.0,,0.0,0.0,,0.0,0.0,,0.0,0.0,,0.0,0.0,,10:26:00,12:30:00,propria,25.0
14123,Resolução CONAMA 274/2000 - Balneabilidade,1103/2019,água da praia,2019-09-02 00:00:00,2019-09-02 00:00:00,True,446,>16000,False,0,,False,0,,False,0,,False,0,,False,0,,False,0,,False,0,,False,0,,False,0,,True,",",Resolução CONAMA 274/2000,14C - Posto 14 - Entre a foz do Riacho Maceió e o Monumento dos Jangadeiros. Fortaleza/CE,Para avaliação do interessado,False,0,,False,0,,False,0,,False,0,,False,0,,False,0,,False,0,,False,0,,False,0,,False,0,,25,2019-10-10 16:44:05.50558,0.0,False,0,,False,0,,False,0,,False,0,,False,0,,Metodologia de acordo com a Resolução CONAMA Nº 274/2000.,True,True,557148.0,9588970.0,,False,,,,,0.0,0.0,,0.0,0.0,,0.0,0.0,,0.0,0.0,,0.0,0.0,,11:23:00,13:20:00,propria,25.0
14193,Convênio com Pref. Municipal de Jijoca de Jericoacoara - Programa Bandeira Azul,1417/2019,Água da Praia da Malhada,2019-10-10 00:00:00,2019-10-11 00:00:00,False,0,,False,0,,True,568,<10,True,569,185,False,0,,False,0,,False,0,,False,0,,False,0,,False,0,,True,383464,Resolução CONAMA 274/2000,"Em frente a Casa Ank, entre o serrote e a área de pedras","Dentre as análises efetuadas, a amostra apresentou-se de acordo com os padrões estabelecidos pelo Programa Bandeira Azul / Instituto Ambientes em Rede",False,0,,False,0,,False,0,,False,0,,False,0,,False,0,,False,0,,False,0,,False,0,,False,0,,10,2019-10-14 16:51:31.077688,1.0,False,0,,False,0,,False,0,,False,0,,False,0,,Padrões estabelecidos pelo Programa Bandeira Azul / Instituto Ambientes em Rede,True,True,331305.0,9691433.0,,False,,,,,0.0,0.0,,0.0,0.0,,0.0,0.0,,0.0,0.0,,0.0,0.0,,16:00:00,08:00:00,Outros,25.0
14306,Convênio com Pref. Municipal de Jijoca de Jericoacoara - Programa Bandeira Azul,1500/2019,Água da Praia da Malhada,2019-10-20 00:00:00,2019-10-21 00:00:00,False,0,,False,0,,True,568,<10,True,569,20,False,0,,False,0,,False,0,,False,0,,False,0,,False,0,,True,383464,Resolução CONAMA 274/2000,"Em frente a Casa Ank, entre o serrote e a área de pedras","Dentre as análises efetuadas, a amostra apresentou-se de acordo com os padrões estabelecidos  pela Resolução CONAMA 274/2000",False,0,,False,0,,False,0,,False,0,,False,0,,False,0,,False,0,,False,0,,False,0,,False,0,,10,2019-10-24 16:57:35.009207,1.0,False,0,,False,0,,False,0,,False,0,,False,0,,Padrões estabelecidos pelo Programa Bandeira Azul / Instituto Ambientes em Rede,True,True,331305.0,9691433.0,,False,,,,,0.0,0.0,,0.0,0.0,,0.0,0.0,,0.0,0.0,,0.0,0.0,,16:00:00,08:50:00,Outros,25.0
14435,Resolução CONAMA 274/2000 - Balneabilidade,1482/2019,Água do mar,2019-10-16 00:00:00,2019-10-16 00:00:00,True,446,<18,False,0,,False,0,,False,0,,False,0,,False,0,,False,0,,False,0,,False,0,,False,0,,True,",",Resolução CONAMA 274/2000,24O - Posto 24 - Entre a Rua Jacinto Matos até a Av. Philomeno Gomes. Fortaleza/CE,"Dentre as análises efetuadas, a amostra apresentou-se de acordo com os padrões estabelecidos  Resolução CONAMA 274/2000",False,0,,False,0,,False,0,,False,0,,False,0,,False,0,,False,0,,False,0,,False,0,,False,0,,25,2019-11-19 16:34:48.12244,1.0,False,0,,False,0,,False,0,,False,0,,False,0,,Metodologia de acordo com a Resolução CONAMA Nº 274/2000.,True,True,550500.0,9589546.0,,False,,,,,0.0,0.0,,0.0,0.0,,0.0,0.0,,0.0,0.0,,0.0,0.0,,09:39:00,13:00:00,propria,25.0
14503,Resolução CONAMA 274/2000 - Balneabilidade,1582/2019,água da praia,2019-10-29 00:00:00,2019-10-29 00:00:00,True,446,5400,False,0,,False,0,,False,0,,False,0,,False,0,,False,0,,False,0,,False,0,,False,0,,True,",",Resolução CONAMA 274/2000,31O - Posto 31 - Barra do Ceará Fortaleza/CE,Para avaliação do interessado,False,0,,False,0,,False,0,,False,0,,False,0,,False,0,,False,0,,False,0,,False,0,,False,0,,25,2019-11-11 11:07:19.57804,0.0,False,0,,False,0,,False,0,,False,0,,False,0,,Metodologia de acordo com a Resolução CONAMA Nº 274/2000.,True,True,545913.0,9591597.0,,False,,,,,0.0,0.0,,0.0,0.0,,0.0,0.0,,0.0,0.0,,0.0,0.0,,10:11:00,13:00:00,propria,25.0
14560,Resolução CONAMA 274/2000 - Balneabilidade,1605/2019,Água do mar,2019-11-04 00:00:00,2019-11-04 00:00:00,True,446,2.0,False,0,,False,0,,False,0,,False,0,,False,0,,False,0,,False,0,,False,0,,False,0,,True,",",Resolução CONAMA 274/2000,07L - Posto 07: Entre os Postos dos Bombeiros 02 e 03 - Fortaleza/CE,"Dentre as análises efetuadas, a amostra apresentou-se de acordo com os padrões estabelecidos pela Resolução CONAMA N.º 274/2000.",False,0,,False,0,,False,0,,False,0,,False,0,,False,0,,False,0,,False,0,,False,0,,False,0,,25,2019-12-03 08:06:10.609214,1.0,False,0,,False,0,,False,0,,False,0,,False,0,,Metodologia de acordo com a Resolução CONAMA Nº 274/2000.,True,True,560473.0,9587423.0,,False,,,,,0.0,0.0,,0.0,0.0,,0.0,0.0,,0.0,0.0,,0.0,0.0,,11:45:00,13:00:00,propria,25.0
14564,Resolução CONAMA 274/2000 - Balneabilidade,1609/2019,Água do mar,2019-11-04 00:00:00,2019-11-04 00:00:00,True,446,2400,False,0,,False,0,,False,0,,False,0,,False,0,,False,0,,False,0,,False,0,,False,0,,True,",",Resolução CONAMA 274/2000,11L - Posto 11: Farol - Fortaleza/CE,Para avaliação do interessado.,False,0,,False,0,,False,0,,False,0,,False,0,,False,0,,False,0,,False,0,,False,0,,False,0,,25,2019-12-02 09:49:40.388472,0.0,False,0,,False,0,,False,0,,False,0,,False,0,,Metodologia de acordo com a Resolução CONAMA Nº 274/2000.,True,True,559135.0,9590027.0,,False,,,,,0.0,0.0,,0.0,0.0,,0.0,0.0,,0.0,0.0,,0.0,0.0,,11:30:00,13:00:00,propria,25.0
14591,Resolução CONAMA 274/2000 - Balneabilidade,1668/2019,Água do mar,2019-11-11 00:00:00,2019-11-11 00:00:00,True,446,2.0,False,0,,False,0,,False,0,,False,0,,False,0,,False,0,,False,0,,False,0,,False,0,,True,",",Resolução CONAMA 274/2000,09L - Posto 9 - Entre a Rua Ismael Pordeus e o Posto dos Bombeiros 01 - Fortaleza/CE,"Dentre as análises efetuadas, a amostra apresentou-se de acordo com os padrões estabelecidos pela Resolução CONAMA N.º 274/2000.",False,0,,False,0,,False,0,,False,0,,False,0,,False,0,,False,0,,False,0,,False,0,,False,0,,25,2019-11-29 13:33:21.91348,1.0,False,0,,False,0,,False,0,,False,0,,False,0,,Metodologia de acordo com a Resolução CONAMA Nº 274/2000.,True,True,559932.0,9588596.0,,False,,,,,0.0,0.0,,0.0,0.0,,0.0,0.0,,0.0,0.0,,0.0,0.0,,10:53:00,13:00:00,propria,25.0
14648,Resolução CONAMA 274/2000 - Balneabilidade,1297 / 2019,Água da praia,2019-09-26 00:00:00,2019-09-27 00:00:00,True,446,<18,False,0,,False,0,,False,0,,False,0,,False,0,,False,0,,False,0,,False,0,,False,0,,True,",",Resolução CONAMA 274/2000,37LE - Barro Preto (Aquiraz/CE),"Dentre as análises efetuadas, a amostra apresentou-se de acordo com os padrões estabelecidos  Resolução CONAMA N.º 274/2000.",False,0,,False,0,,False,0,,False,0,,False,0,,False,0,,False,0,,False,0,,False,0,,False,0,,25,2019-11-29 12:47:44.380274,1.0,False,0,,False,0,,False,0,,False,0,,False,0,,Metodologia de acordo com a Resolução CONAMA Nº 274/2000.,True,True,580932.0,9563694.0,,False,,,,,0.0,0.0,,0.0,0.0,,0.0,0.0,,0.0,0.0,,0.0,0.0,,11:21:00,08:30:00,propria,25.0
14686,"ART. 11º. Efluentes não sanitários, lançamento direto em corpo hídrico:",1744/2019,Efluente não sanitário tratado,2019-11-20 00:00:00,2019-11-20 00:00:00,True,481,7.6,True,8,28.1,True,477,Ausência,True,473,ND,True,13,0.003,True,147,77,True,25,101.5,True,261,Zero,True,541,2340,True,490,1.3,True,394130,Ressolução COEMA Nº 02/2017,Saída final da E.T.E.,"Dentre as análises efetuadas, a amostra apresentou-se de acordo com os padrões estabelecidos pela Resolução COEMA Nº 02/2017, Artigo 42º",True,497,11.2,True,122,< 18,False,0,,False,0,,False,0,,False,0,,False,0,,False,0,,False,0,,False,0,,15,2019-12-02 12:39:04.753577,1.0,False,0,,False,0,,False,0,,False,0,,False,0,,"Padrões estabelecidos pela Resolução COEMA Nº. 02/2017, Art. 42º, para efluentes não sanitários, com reuso para fins urbanos (irrigação paisagística).   <br><b>(NMP)</b> - Número Mais Provável.<b> (ND)</b> - Não Determinado.",True,True,,,,True,,,,,0.0,0.0,,0.0,0.0,,0.0,0.0,,0.0,0.0,,0.0,0.0,,10:00:00,11:00:00,Licenciamento,16.0
14737,"LAUDOS RIOS ANA - ÁGUAS DOCE, CLASSE 2",1531/2019,Água do rio Acaraú,2019-10-21 00:00:00,2019-10-22 00:00:00,True,105,7.8,True,509,3.8,True,306,22,True,269,31,True,513,30,True,109,1,True,91,0.006,True,312,0.15,True,173,Zero,True,294,7.3,True,",",Resolução CONAMA 357/05,Bacia do Acaraú -Sob a ponte na CE-232 (acesso Rua João Arcanjo). Santana do Acarau/CE.,"Dentre as análises efetuadas, a amostra apresentou o parâmetro <b>Fósforo Total </b> em  desacordo com os padrões estabelecidos pela Resolução CONAMA nº 357/05 para águas doces, Classe 2.",True,117,1.6,True,212,301.3,True,592,37.8,True,120,2.3,True,310,0.22,True,517,1,True,184,218,True,102,219,True,482,790,True,538,0.14,25,2020-02-03 11:47:43.01672,0.0,True,588,85.1,True,591,Ausente,True,590,Ausente,True,589,85.1,True,154,11.8,Padrões estabelecidos pela Resolução CONAMA nº 357/05 para águas doces Classe 2.   <br><b>(NMP)</b> - Número Mais Provável.,True,True,,,,True,Ac-3,35283001.0,"3,455608°","40,212664°",0.0,0.0,,0.0,0.0,,0.0,0.0,,0.0,0.0,,0.0,0.0,,16:10:00,10:05:00,Outros,20.0
14749,Água doce Classe 2 - Ambiente Lótico,1540/2019,Água do rio Cocó,2019-10-23 00:00:00,2019-10-23 00:00:00,True,105,7.7,True,509,2.8,True,107,16,True,108,28.7,True,109,"<0,1",True,110,0.006,True,111,0.17,True,112,4,True,116,7.9,True,117,1.2,True,",",para Classe 2 pela Resolução CONAMA 357/05,Bacia Metropolitana - Bica das Andreas. Pacatuba/CE.,"Dentre as análises efetuadas, a amostra apresentou os parâmetros <b> Fósforo Total </b> em desacordo com os padrões estabelecidos pela Resolução CONAMA nº 357/05 para águas doces, Classe 2.",True,516,198,True,592,48.5,True,120,0.11,True,156,0.14,True,122,310,True,588,19.8,True,591,Ausente,True,590,Ausente,True,589,19.8,True,209,9,25,2020-02-05 12:57:29.428072,0.0,True,538,0.09,True,184,158,True,517,2,True,102,160,True,513,28.1,"Padrões estabelecidos pela Resolução CONAMA nº 357/05 para águas doces, Classe 2. <b>(NMP)</b> - Número Mais Provável.",True,True,,,,True,Me-24,35705000.0,"-3,984959°","-38,623065°",0.0,0.0,,0.0,0.0,,0.0,0.0,,0.0,0.0,,0.0,0.0,,14:55:00,16:00:00,Outros,20.0
14777,Águas Salinas Classe 1,1638/2019,Água do mar,2019-11-04 00:00:00,2019-11-05 00:00:00,True,446,<18,False,0,,False,0,,False,0,,False,0,,False,0,,False,0,,False,0,,False,0,,False,0,,True,",",para Classe 2 pela Resolução CONAMA 357/05,43LE - Litoral Leste - Canto Verde - Beberibe/CE,"Dentre as análises efetuadas, a amostra apresentou o parâmetro <b>  _x0001_ Subst. Solúveis em Hexano </b> em desacordo com o padrão estabelecido pela Resolução CONAMA N.º  357/05, para águas salinas classe 1.",False,0,,True,157,2,False,0,,False,0,,False,0,,False,0,,False,0,,False,0,,False,0,,False,0,,25,2020-02-18 16:38:28.80351,0.0,False,0,,False,0,,False,0,,False,0,,False,0,,"Padrões estabelecidos pela Resolução CONAMA Nº. 357/05, para águas salinas classe 1.",True,True,618758.0,9522606.0,,True,,,,,0.0,0.0,,0.0,0.0,,0.0,0.0,,0.0,0.0,,0.0,0.0,,14:25:00,11:00:00,propria,25.0
14825,Resolução CONAMA 274/2000 - Balneabilidade,1899/2019,Água da praia,2019-12-16 00:00:00,2019-12-16 00:00:00,True,446,490,False,0,,False,0,,False,0,,False,0,,False,0,,False,0,,False,0,,False,0,,False,0,,True,",",Resolução CONAMA 274/2000,15C - Posto 15: Entre a Volta da Jurema e a foz do Riacho Maceió - Fortaleza/CE,"Dentre as análises efetuadas, a amostra apresentou-se de acordo com os padrões estabelecidos  Resolução CONAMA N.º 274/2000.",False,0,,False,0,,False,0,,False,0,,False,0,,False,0,,False,0,,False,0,,False,0,,False,0,,25,2019-12-26 09:01:39.151315,1.0,False,0,,False,0,,False,0,,False,0,,False,0,,Metodologia de acordo com a Resolução CONAMA Nº 274/2000.,True,True,556513.0,9588294.0,,False,,,,,0.0,0.0,,0.0,0.0,,0.0,0.0,,0.0,0.0,,0.0,0.0,,10:39:00,12:30:00,propria,25.0
14960,Resolução CONAMA 274/2000 - Balneabilidade,2020-07-01 00:00:00,Água do mar,2020-01-02 00:00:00,2020-01-02 00:00:00,True,446,>16000,False,0,,False,0,,False,0,,False,0,,False,0,,False,0,,False,0,,False,0,,False,0,,True,",",Resolução CONAMA 274/2000,15C - Posto 15: Entre a Volta da Jurema e a foz do Riacho Maceió - Fortaleza/CE,Resultados para avaliação do interessado.,False,0,,False,0,,False,0,,False,0,,False,0,,False,0,,False,0,,False,0,,False,0,,False,0,,25,2020-02-28 10:10:57.515917,0.0,False,0,,False,0,,False,0,,False,0,,False,0,,Metodologia de acordo com a Resolução CONAMA Nº 274/2000.,True,True,556513.0,9588294.0,,False,,,,,0.0,0.0,,0.0,0.0,,0.0,0.0,,0.0,0.0,,0.0,0.0,,11:03:00,12:26:00,propria,25.0
14979,Resolução CONAMA 274/2000 - Balneabilidade,40/2020,Água do mar,2020-01-07 00:00:00,2020-01-07 00:00:00,True,446,2,False,0,,False,0,,False,0,,False,0,,False,0,,False,0,,False,0,,False,0,,False,0,,True,",",Resolução CONAMA 274/2000,07L - Posto 07: Entre os Postos dos Bombeiros 02 e 03 - Fortaleza/CE,"Dentre as análises efetuadas, a amostra apresentou-se de acordo com os padrões estabelecidos  Resolução CONAMA N.º 274/2000.",False,0,,False,0,,False,0,,False,0,,False,0,,False,0,,False,0,,False,0,,False,0,,False,0,,25,2020-02-28 08:44:10.736468,1.0,False,0,,False,0,,False,0,,False,0,,False,0,,Metodologia de acordo com a Resolução CONAMA Nº 274/2000.,True,True,560473.0,9587423.0,,False,,,,,0.0,0.0,,0.0,0.0,,0.0,0.0,,0.0,0.0,,0.0,0.0,,11:07:00,12:26:00,propria,25.0
15039,Água doce Classe 2 - Ambiente Lótico,1873/2019,Água do rio Banabuíu.,2019-12-12 00:00:00,2019-12-13 00:00:00,True,105,8.2,True,106,0.97,True,107,N.D,True,108,30.3,True,109,0.2,True,110,0.006,True,111,0.09,True,112,50,True,116,9.3,True,117,1.8,True,",",para Classe 2 pela Resolução CONAMA 357/05,Bacia do Banabuíu - Jusante do Açude Banabuiú (500 m da barragem) - trecho perenizado. Banabuíu/CE.,"Dentre as análises efetuadas, a amostra apresentou o parâmetro <b> Fósforo Total </b> em  desacordo com os padrões estabelecidos  pela Resolução CONAMA nº 357/05 para águas doces, Classe 2.",True,94,666,True,119,103.8,True,120,N.D,True,156,0.133,True,122,330,True,538,0.32,True,588,136.6,True,591,Ausente,True,590,Ausente,True,589,136.6,25,2020-02-19 13:53:56.619337,0.0,True,517,N.D,True,102,400,True,184,283,True,209,11.8,True,513,32.0,Padrões estabelecidos pela Resolução CONAMA nº 357/05 para águas doces Classe 2.  <b>(NMP)</b> - Número Mais Provável <b>(ND)</b> - Não Determinado.,True,True,509012.0,9411200.0,,True,,,,,0.0,0.0,,0.0,0.0,,0.0,0.0,,0.0,0.0,,0.0,0.0,,15:42:00,09:24:00,propria,20.0
15088,Resolução CONAMA 274/2000 - Balneabilidade,1447/2019,Água do mar,2019-10-15 00:00:00,2019-10-15 00:00:00,True,446,<18,False,0,,False,0,,False,0,,False,0,,False,0,,False,0,,False,0,,False,0,,False,0,,True,",",Resolução CONAMA 274/2000,56OE Lagoinha (Paraipaba)Restaurante do Milton,"Dentre as análises efetuadas, a amostra apresentou-se de acordo com os padrões estabelecidos  pela Resolução CONAMA 274/2000",False,0,,False,0,,False,0,,False,0,,False,0,,False,0,,False,0,,False,0,,False,0,,False,0,,25,2020-02-17 16:43:25.920624,1.0,False,0,,False,0,,False,0,,False,0,,False,0,,Metodologia de acordo com a Resolução CONAMA Nº 274/2000.,True,True,484315.0,9630296.0,,False,,,,,0.0,0.0,,0.0,0.0,,0.0,0.0,,0.0,0.0,,0.0,0.0,,05:40:00,15:10:00,propria,25.0
15096,Resolução CONAMA 274/2000 - Balneabilidade,1455/2019,Água do mar,2019-10-14 00:00:00,2019-10-15 00:00:00,True,446,<18,False,0,,False,0,,False,0,,False,0,,False,0,,False,0,,False,0,,False,0,,False,0,,True,",",Resolução CONAMA 274/2000,64OE Camocim (Camocim)Depois do Farol,"Dentre as análises efetuadas, a amostra apresentou-se de acordo com os padrões estabelecidos  pela Resolução CONAMA 274/2000",False,0,,False,0,,False,0,,False,0,,False,0,,False,0,,False,0,,False,0,,False,0,,False,0,,25,2020-02-17 16:38:09.128805,1.0,False,0,,False,0,,False,0,,False,0,,False,0,,Metodologia de acordo com a Resolução CONAMA Nº 274/2000.,True,True,293256.0,9683462.0,,False,,,,,0.0,0.0,,0.0,0.0,,0.0,0.0,,0.0,0.0,,0.0,0.0,,14:50:00,08:20:00,propria,25.0
15137,Resolução CONAMA 274/2000 - Balneabilidade,1928/2019,Água do mar,2019-12-18 00:00:00,2019-12-19 00:00:00,True,446,<18,False,0,,False,0,,False,0,,False,0,,False,0,,False,0,,False,0,,False,0,,False,0,,True,",",Resolução CONAMA 274/2000,41LE - Morro Branco Velho (Beberibe/CE),"Dentre as análises efetuadas, a amostra apresentou-se de acordo com os padrões estabelecidos  pela Resolução CONAMA 274/2000",False,0,,False,0,,False,0,,False,0,,False,0,,False,0,,False,0,,False,0,,False,0,,False,0,,25,2020-02-20 15:59:16.330513,1.0,False,0,,False,0,,False,0,,False,0,,False,0,,Metodologia de acordo com a Resolução CONAMA Nº 274/2000.,True,True,598698.0,9540930.0,,False,,,,,0.0,0.0,,0.0,0.0,,0.0,0.0,,0.0,0.0,,0.0,0.0,,15:11:00,08:00:00,propria,25.0
15148,"LAUDOS RIOS ANA - ÁGUAS SALOBRA, CLASSE 1 - Resolução CONAMA 357/05",23/2020,Água do rio Curu,2020-01-03 00:00:00,2020-01-03 00:00:00,True,167,8.4,True,584,3.6,True,295,27,True,208,28.6,True,513,28,True,170,0.3,True,196,0.002,True,202,0.27,True,515,28,True,116,6.2,True,",",Resolução CONAMA 357/05,Bacia do Curu- Á jusante da captação do DNOCS-2 (6 km da sede municipal). Paraipaba/CE.,"Dentre as análises efetuadas, a amostra apresentou o parâmetro <b>Fósforo Total </b> em desacordo com os padrões estabelecidos pela Resolução CONAMA nº 357/05 para águas salobras classe 1.",True,210,1.2,True,94,1362,True,592,269.1,True,177,12.6,True,47,0.15,True,571,0.68,True,186,6,True,447,618,True,102,712,True,482,< 18,25,2020-02-20 13:56:35.035358,0.0,True,588,170.3,True,591,Ausente,True,590,Ausente,True,589,170.3,True,274,8.9,Padrões estabelecidos pela Resolução CONAMA nº 357/05 para águas salobras Classe 1<br><b>(NMP)</b> - Número Mais Provável.,True,True,,,,True,Cu-1,35570500.0,"-3,492707°","-39,152150°",0.0,0.0,,0.0,0.0,,0.0,0.0,,0.0,0.0,,0.0,0.0,,08:13:00,10:10:00,Outros,20.0
15246,Resolução CONAMA 274/2000 - Balneabilidade,148/2020,Água do Mar,2020-01-24 00:00:00,2020-01-25 00:00:00,True,446,130,False,0,,False,0,,False,0,,False,0,,False,0,,False,0,,False,0,,False,0,,False,0,,True,",",Resolução CONAMA 274/2000,620E -Arpoeiras (Acaraú) Depois da barraca o Gato,Resultados para avaliação do interessado.,False,0,,False,0,,False,0,,False,0,,False,0,,False,0,,False,0,,False,0,,False,0,,False,0,,25,2020-06-30 14:28:44.601063,1.0,False,0,,False,0,,False,0,,False,0,,False,0,,Metodologia de acordo com a Resolução CONAMA Nº 274/2000.,True,True,379396.0,9686982.0,,False,,,,,0.0,0.0,,0.0,0.0,,0.0,0.0,,0.0,0.0,,0.0,0.0,,07:36:00,2023-10-08 00:00:00,propria,25.0
15290,Resolução CONAMA 274/2000 - Balneabilidade,298/2020,Água do Mar,2020-02-17 00:00:00,2020-02-18 00:00:00,True,446,<18,False,0,,False,0,,False,0,,False,0,,False,0,,False,0,,False,0,,False,0,,False,0,,True,",",Resolução CONAMA 274/2000,590E -Baleia (Itapipoca)Baleia (Itapipoca),Resultados para avaliação do interessado,False,0,,False,0,,False,0,,False,0,,False,0,,False,0,,False,0,,False,0,,False,0,,False,0,,25,2020-06-30 13:46:51.760089,0.0,False,0,,False,0,,False,0,,False,0,,False,0,,Metodologia de acordo com a Resolução CONAMA Nº 274/2000.,True,True,451145.0,9652119.0,,False,,,,,0.0,0.0,,0.0,0.0,,0.0,0.0,,0.0,0.0,,0.0,0.0,,16:50:00,13:40:00,propria,25.0
15453,Resolução CONAMA 274/2000 - Balneabilidade,420/2020,Água do Mar,2020-03-09 00:00:00,2020-03-09 00:00:00,True,446,2400,False,0,,False,0,,False,0,,False,0,,False,0,,False,0,,False,0,,False,0,,False,0,,True,",",Resolução CONAMA 274/2000,12C - Ponto 12 - Entre a Praia dos Botes eo Farol - Fortaleza/Ce,Resultados para avaliação do interessado,False,0,,False,0,,False,0,,False,0,,False,0,,False,0,,False,0,,False,0,,False,0,,False,0,,25,2020-09-21 15:37:19.186414,0.0,False,0,,False,0,,False,0,,False,0,,False,0,,Metodologia de acordo com a Resolução CONAMA Nº 274/2000.,True,True,558224.0,9588970.0,,False,,,,,0.0,0.0,,0.0,0.0,,0.0,0.0,,0.0,0.0,,0.0,0.0,,11:40:00,13:15:00,propria,25.0
15524,Resolução CONAMA 274/2000 - Balneabilidade,224/2020,Água do Mar,2020-02-05 00:00:00,2020-02-05 00:00:00,True,446,790,False,0,,False,0,,False,0,,False,0,,False,0,,False,0,,False,0,,False,0,,False,0,,True,",",Resolução CONAMA 274/2000,24O -Ponto 24 Entre a rua Jacinto Matos at~e a Av.Philomeno Gomes,Resultados para avaliação do interessado,False,0,,False,0,,False,0,,False,0,,False,0,,False,0,,False,0,,False,0,,False,0,,False,0,,25,2020-09-15 09:30:15.931219,0.0,False,0,,False,0,,False,0,,False,0,,False,0,,Metodologia de acordo com a Resolução CONAMA Nº 274/2000.,True,True,550500.0,9589546.0,,False,,,,,0.0,0.0,,0.0,0.0,,0.0,0.0,,0.0,0.0,,0.0,0.0,,09:45:00,13:00:00,propria,25.0
15532,Resolução CONAMA 274/2000 - Balneabilidade,233/2020,Água do Mar,2020-02-10 00:00:00,2020-02-10 00:00:00,True,446,79,False,0,,False,0,,False,0,,False,0,,False,0,,False,0,,False,0,,False,0,,False,0,,True,",",Resolução CONAMA 274/2000,02L -Ponto 02 -Entre os Postos dos Bombeiros 07 e 08.FORTALEZA/CE,Resultados para avaliação do interessado,False,0,,False,0,,False,0,,False,0,,False,0,,False,0,,False,0,,False,0,,False,0,,False,0,,25,2020-09-17 14:51:46.598101,0.0,False,0,,False,0,,False,0,,False,0,,False,0,,Metodologia de acordo com a Resolução CONAMA Nº 274/2000.,True,True,562251.0,9584014.0,,False,,,,,0.0,0.0,,0.0,0.0,,0.0,0.0,,0.0,0.0,,0.0,0.0,,11:24:00,12:20:00,propria,25.0
15539,Resolução CONAMA 274/2000 - Balneabilidade,239/2020,Água do Mar,2020-02-10 00:00:00,2020-02-10 00:00:00,True,446,46,False,0,,False,0,,False,0,,False,0,,False,0,,False,0,,False,0,,False,0,,False,0,,True,",",Resolução CONAMA 274/2000,"08L - Ponto 8 - Entre os Postos dos Bombeiros 01 e 02,Fortaleza/CE",Resultados para avaliação do interessado,False,0,,False,0,,False,0,,False,0,,False,0,,False,0,,False,0,,False,0,,False,0,,False,0,,25,2020-09-17 14:57:32.538777,0.0,False,0,,False,0,,False,0,,False,0,,False,0,,Metodologia de acordo com a Resolução CONAMA Nº 274/2000.,True,True,560195.0,9587968.0,,False,,,,,0.0,0.0,,0.0,0.0,,0.0,0.0,,0.0,0.0,,0.0,0.0,,11:06:00,12:20:00,propria,25.0
15589,"LAUDOS RIOS ANA - ÁGUAS SALOBRA, CLASSE 1 - Resolução CONAMA 357/05",500/2020,Água do rio Choró,2020-07-06 00:00:00,2020-07-06 00:00:00,True,167,7.8,True,511,2.6,True,450,49,True,208,28.5,True,513,25.7,True,170,0.2,True,196,0.003,True,202,0.2,True,515,29,True,116,5.6,True,",",Resolução CONAMA 357/05,Bacia Metropolitana - Sede municipal. Sob a ponte na BR-116 (km 66). Chorozinho/CE,"Dentre as análises efetuadas, a amostra apresentou o parâmetro <b>Fósforo Total </b> em  desacordo com os padrões estabelecidos pela  Resolução CONAMA nº 357/05 para águas salobras, Classe 1",True,275,2.9,True,94,1560,True,595,396.7,True,177,ND,True,47,0.15,True,571,0.78,True,558,9.4,False,0,,True,102,698,False,0,,25,2020-10-30 13:48:51.367076,0.0,True,588,104,True,591,Ausente,True,590,Ausente,True,589,104,True,154,29.0,"Padrões estabelecidos pela Resolução CONAMA nº 357/05 para águas salobras, Classe 1, ambiente lótico.<br><b>(NMP)</b> - Número Mais Provável.  <b>(ND)</b> - Não Determinado.",True,True,,,,True,Me-1,35879000.0,"-4,307222°","-38,500278°",0.0,0.0,,0.0,0.0,,0.0,0.0,,0.0,0.0,,0.0,0.0,,12:00:00,15:10:00,Outros,20.0
15656,Resolução CONAMA 274/2000 - Balneabilidade,579/2020,água da praia,2020-09-08 00:00:00,2020-09-08 00:00:00,True,446,<18,False,0,,False,0,,False,0,,False,0,,False,0,,False,0,,False,0,,False,0,,False,0,,True,",",Resolução CONAMA 274/2000,17C - Posto 17 - Entre a rua José Vilar e o Espigão da Desembargador Moreira. Fortaleza/CE,"Dentre as análises efetuadas, a amostra apresentou-se de acordo com os padrões estabelecidos  Resolução CONAMA 274/2000",False,0,,False,0,,False,0,,False,0,,False,0,,False,0,,False,0,,False,0,,False,0,,False,0,,25,2020-10-08 10:18:07.810068,1.0,False,0,,False,0,,False,0,,False,0,,False,0,,Metodologia de acordo com a Resolução CONAMA Nº 274/2000.,True,True,555401.0,9588274.0,,False,,,,,0.0,0.0,,0.0,0.0,,0.0,0.0,,0.0,0.0,,0.0,0.0,,09:50:00,12:30:00,propria,25.0
15721,Resolução CONAMA 274/2000 - Balneabilidade,639/2020,água da praia,2020-09-22 00:00:00,2020-09-22 00:00:00,True,446,2.0,False,0,,False,0,,False,0,,False,0,,False,0,,False,0,,False,0,,False,0,,False,0,,True,",",Resolução CONAMA 274/2000,08L - Posto 8 - Entre os Postos dos Bombeiros 01 e 02. Fortaleza/CE,"Dentre as análises efetuadas, a amostra apresentou-se de acordo com os padrões estabelecidos  Resolução CONAMA 274/2000",False,0,,False,0,,False,0,,False,0,,False,0,,False,0,,False,0,,False,0,,False,0,,False,0,,25,2020-10-21 13:36:42.817477,1.0,False,0,,False,0,,False,0,,False,0,,False,0,,Metodologia de acordo com a Resolução CONAMA Nº 274/2000.,True,True,560195.0,9587968.0,,False,,,,,0.0,0.0,,0.0,0.0,,0.0,0.0,,0.0,0.0,,0.0,0.0,,09:24:00,10:42:00,propria,25.0
15858,Resolução CONAMA 274/2000 - Balneabilidade,788/2020,água do mar,2020-10-19 00:00:00,2020-10-19 00:00:00,True,446,<1.8,True,602,<10,False,0,,False,0,,False,0,,False,0,,False,0,,False,0,,False,0,,False,0,,True,",",Resolução CONAMA 274/2000,10L - Posto 10 - Entre o Farol até a rua Ismael Pordeus. Fortaleza/CE,"Dentre as análises efetuadas, a amostra apresentou-se de acordo com os padrões estabelecidos  Resolução CONAMA 274/2000",False,0,,False,0,,False,0,,False,0,,False,0,,False,0,,False,0,,False,0,,False,0,,False,0,,25,2020-10-27 15:48:40.57446,1.0,False,0,,False,0,,False,0,,False,0,,False,0,,Metodologia de acordo com a Resolução CONAMA Nº 274/2000.,True,True,559799.0,9588892.0,,False,,,,,0.0,0.0,,0.0,0.0,,0.0,0.0,,0.0,0.0,,0.0,0.0,,10:56:00,12:05:00,propria,25.0
15875,Água doce Classe 2 - Ambiente Lótico,702/2020,Água do rio Banabuiú,2020-09-29 00:00:00,2020-09-29 00:00:00,True,105,7.5,True,509,1.1,True,107,36,True,108,28.1,True,109,0.5,True,110,0.003,True,111,0.2,True,112,48,True,116,5.2,True,117,7,True,",",para Classe 2 pela Resolução CONAMA 357/05,Bacia do Banabuíu - Jusante do Açude Banabuiú (500 m da barragem) - trecho perenizado. Banabuíu/CE,"Dentre as análises efetuadas, a amostra apresentou os  parãmetros <b> DBO e Fósforo total </b> em desacordo com os padrões estabelecidos pela Resolução CONAMA nº 357/05 para águas doces, Classe 2.",True,94,482.4,True,592,52.4,True,120,ND,True,156,"< 0,02",True,588,123.5,True,591,Ausente,True,591,Ausente,True,589,123.5,True,274,37,True,513,29.2,30,2020-11-25 09:36:42.094812,0.0,True,538,0.23,True,517,ND,True,184,ND,True,102,290,True,558,5.2,"Padrões estabelecidos pela Resolução CONAMA nº 357/05 para águas doces, Classe 2. <b>(NMP)</b> - Número Mais Provável. <b>(ND)</b> - Não Determinado.",True,True,509012.0,9411200.0,,True,,,,,1.0,604.0,58.0,0.0,0.0,,0.0,0.0,,0.0,0.0,,0.0,0.0,,08:55:00,12:35:00,propria,20.0
15896,Resolução CONAMA 274/2000 - Balneabilidade,821/2020,água do mar,2020-10-26 00:00:00,2020-10-26 00:00:00,True,446,240,True,602,41,False,0,,False,0,,False,0,,False,0,,False,0,,False,0,,False,0,,False,0,,True,",",Resolução CONAMA 274/2000,06L - Posto 6 - Entre os Postos dos Bombeiros 03 e 04. Fortaleza/CE,"Dentre as análises efetuadas, a amostra apresentou-se de acordo com os padrões estabelecidos  Resolução CONAMA 274/2000",False,0,,False,0,,False,0,,False,0,,False,0,,False,0,,False,0,,False,0,,False,0,,False,0,,25,2020-11-06 15:14:15.821428,1.0,False,0,,False,0,,False,0,,False,0,,False,0,,Metodologia de acordo com a Resolução CONAMA Nº 274/2000.,True,True,560993.0,9586378.0,,False,,,,,0.0,0.0,,0.0,0.0,,0.0,0.0,,0.0,0.0,,0.0,0.0,,10:42:00,12:00:00,propria,25.0
15985,Resolução CONAMA 274/2000 - Balneabilidade,913/2020,água do mar,2020-11-10 00:00:00,2020-11-10 00:00:00,False,0,,True,602,512,False,0,,False,0,,False,0,,False,0,,False,0,,False,0,,False,0,,False,0,,True,",",Resolução CONAMA 274/2000,25O - Posto 25 - Entre a Av. Pasteur até a Rua Jacinto Matos. Fortaleza/CE,Para avaliação do interessado.,False,0,,False,0,,False,0,,False,0,,False,0,,False,0,,False,0,,False,0,,False,0,,False,0,,25,2020-11-24 16:13:59.800305,0.0,False,0,,False,0,,False,0,,False,0,,False,0,,Metodologia de acordo com a Resolução CONAMA Nº 274/2000.,True,True,549139.0,9590317.0,,False,,,,,0.0,0.0,,0.0,0.0,,0.0,0.0,,0.0,0.0,,0.0,0.0,,08:15:00,11:15:00,propria,25.0
16006,Resolução CONAMA 274/2000 - Balneabilidade,927/2020,água do mar,2020-11-16 00:00:00,2020-11-16 00:00:00,False,0,,True,602,10,False,0,,False,0,,False,0,,False,0,,False,0,,False,0,,False,0,,False,0,,True,",",Resolução CONAMA 274/2000,03L - Posto 3 - Entre os Postos dos Bombeiros 06 e 07. Fortaleza/CE,"Dentre as análises efetuadas, a amostra apresentou-se de acordo com os padrões estabelecidos  Resolução CONAMA 274/2000",False,0,,False,0,,False,0,,False,0,,False,0,,False,0,,False,0,,False,0,,False,0,,False,0,,25,2020-11-25 08:45:49.089679,1.0,False,0,,False,0,,False,0,,False,0,,False,0,,Metodologia de acordo com a Resolução CONAMA Nº 274/2000.,True,True,561942.0,9584520.0,,False,,,,,0.0,0.0,,0.0,0.0,,0.0,0.0,,0.0,0.0,,0.0,0.0,,11:20:00,12:00:00,propria,25.0
16093,Potabilidade,1082/2020,Água tratada,2020-12-02 00:00:00,2020-12-03 00:00:00,True,71,8.4,True,72,6,True,75,0.72,True,96,3.5,True,76,23.3,True,78,Ausente,True,79,1.94,True,80,21.34,True,82,21.8,True,83,8.7,True,419730,"pela Portaria de Consolidação Nº 5, de 28/09/2017, Anexo XX, do Ministério da Saúde","Torneira do laboratório da ETA, localizada no Distrito de Brejo Grande, no município de Santana do Cariri/CE","Dentre as análises efetuadas, a amostra apresentou-se de acordo com os padrões estabelecidos  pela Portaria de Consolidação Nº 5, de 28/09/2017, Anexo XX, do Ministério da Saúde",True,84,Zero,True,86,2.9,True,87,ND,True,90,ND,True,91,0.005,True,92,0.7,True,93,"<0,02",True,94,69.1,True,95,0.07,True,99,<2,25,2020-12-11 15:13:10.20353,1.0,True,103,691,True,603,Ausência em 100 mL,False,0,,True,208,27.3,False,0,,"Padrão de potabilidade estabelecido pela Portaria de Consolidação, Nº 5, de 28/09/2017, Anexo XX, do Ministério da Saúde   <b>(NMP)</b> - Número Mais Provável    ND - Não Determinado",True,True,,,,True,,,,,0.0,0.0,,0.0,0.0,,0.0,0.0,,0.0,0.0,,0.0,0.0,,09:55:00,09:00:00,Licenciamento,24.0
16094,Potabilidade,1083/2020,Água tratada,2020-12-02 00:00:00,2020-12-03 00:00:00,True,71,6,True,72,Zero,True,75,0.09,True,96,1.1,True,76,152.1,True,78,Ausente,True,79,Ausente,True,80,152.1,True,82,5.9,True,83,0.79,True,401365,"pela Portaria de Consolidação Nº 5, de 28/09/2017, Anexo XX, do Ministério da Saúde","Torneira próxima à ETA, localizada na sede do município de Santana do Cariri/CE","Dentre as análises efetuadas, a amostra apresentou-se de acordo com os padrões estabelecidos  pela Portaria de Consolidação Nº 5, de 28/09/2017, Anexo XX, do Ministério da Saúde",True,84,0.96,True,86,2,True,87,ND,True,90,ND,True,91,0.005,True,92,0.2,True,93,"<0,02",True,94,60.3,True,95,0.01,True,99,<2,25,2020-12-11 14:55:24.956756,1.0,True,103,11.7,True,603,Ausência em 100 mL,True,208,28.5,False,0,,False,0,,"Padrão de potabilidade estabelecido pela Portaria de Consolidação, Nº 5, de 28/09/2017, Anexo XX, do Ministério da Saúde   <b>(NMP)</b> - Número Mais Provável    ND - Não Determinado",True,True,,,,True,,,,,0.0,0.0,,0.0,0.0,,0.0,0.0,,0.0,0.0,,0.0,0.0,,10:45:00,09:00:00,Licenciamento,24.0
16145,Resolução CONAMA 274/2000 - Balneabilidade,978/2020,Água do Mar,2020-11-23 00:00:00,2020-11-23 00:00:00,False,0,,True,602,10,False,0,,False,0,,False,0,,False,0,,False,0,,False,0,,False,0,,False,0,,True,",",Resolução CONAMA 274/2000,"04L - Ponto 4 -Entre o posto dos Bombeiros 06 até a Praça 31 de Março,Fortaleza/CE",Resultados para avaliação do interessado,False,0,,False,0,,False,0,,False,0,,False,0,,False,0,,False,0,,False,0,,False,0,,False,0,,25,2021-02-08 16:35:46.241825,0.0,False,0,,False,0,,False,0,,False,0,,False,0,,Metodologia de acordo com a Resolução CONAMA Nº 274/2000.,True,True,561712.0,9585012.0,,False,,,,,0.0,0.0,,0.0,0.0,,0.0,0.0,,0.0,0.0,,0.0,0.0,,10:38:00,11:30:00,propria,25.0
16242,Resolução CONAMA 274/2000 - Balneabilidade,1104/2020,Água do Mar,2020-12-07 00:00:00,2020-12-07 00:00:00,False,0,,True,602,10,False,0,,False,0,,False,0,,False,0,,False,0,,False,0,,False,0,,False,0,,True,",",Resolução CONAMA 274/2000,"19C -Ponto 19- Entre os Espigões da rua João Cordeiro e Av,Rui Barbosa - Fortaleza/Ce",Avaliação do interessado,False,0,,False,0,,False,0,,False,0,,False,0,,False,0,,False,0,,False,0,,False,0,,False,0,,25,2021-02-12 14:36:44.416795,1.0,False,0,,False,0,,False,0,,False,0,,False,0,,Metodologia de acordo com a Resolução CONAMA Nº 274/2000.,True,True,554459.0,9588705.0,,False,,,,,0.0,0.0,,0.0,0.0,,0.0,0.0,,0.0,0.0,,0.0,0.0,,10:30:00,13:00:00,propria,25.0
16291,Art. 42º Reúso externo de efluente não sanitário - Resolução COEMA nº 02/2017,710/2020,Efluente misto de avicultura e suinocultura,2020-10-01 00:00:00,2020-10-02 00:00:00,True,481,8,True,541,694900,True,42,0.1,True,402,"< 0,02",True,8,32.7,True,483,940,False,0,,False,0,,False,0,,False,0,,True,412295,Ressolução COEMA Nº 02/2017,Saída da ETE (lagoa de estabilização),"O efluente deriva do consórcio de atividades de avicultura e de suinocultura, cabendo a utilização do padrão mais restritivo, quando pertinente. Dentre as análises efetuadas, a amostra apresentou os parâmetros <b>Condutividade Elétrica e OD</b> em desacordo com os padrões estabelecidos pela  Resolução COEMA Nº 02/2017, Art. 42º, associada à Resolução COEMA N.º 03/2019.",False,0,,False,0,,False,0,,False,0,,False,0,,False,0,,False,0,,False,0,,False,0,,False,0,,10,2021-01-25 14:30:42.938496,0.0,False,0,,False,0,,False,0,,False,0,,False,0,,"Padrões estabelecidos pela Resolução COEMA nº 02/2017, para reúso externo de efluentes não sanitários, associada à Resolução COEMA nº 03/2019, para tratamento de dejetos da suinocultura. <br><b>(NMP)</b> - Número Mais Provável.",True,True,,,,True,,,,,0.0,0.0,,0.0,0.0,,0.0,0.0,,0.0,0.0,,0.0,0.0,,11:30:00,10:10:00,Licenciamento,1.0
16302,Carcinicultura,157/2021,Efluente de carcinicultura,2021-01-22 00:00:00,2021-01-22 00:00:00,True,367,8.8,True,398,29.4,True,32,Zero,True,21,Ausente,True,496,0.01,True,402,0.03,True,403,0.11,True,39,8.9,True,544,44.3,False,0,,True,350018,pela Resolução CONAMA 430/2011 Art.16°.,Canal de drenagem,"Dentre as análises efetuadas, a amostra apresentou-se de acordo com os padrões estabelecidos pela Resolução CONAMA N.º 430/2011, Artigo 16°.",False,0,,False,0,,False,0,,False,0,,False,0,,False,0,,False,0,,False,0,,False,0,,False,0,,10,2021-01-30 12:10:58.110693,1.0,False,0,,False,0,,False,0,,False,0,,False,0,,"Padrões estabelecidos pela Resolução CONAMA N° 430/11, Art.16°.",True,True,,,,True,,,,,0.0,0.0,,0.0,0.0,,0.0,0.0,,0.0,0.0,,0.0,0.0,,13:00:00,14:25:00,Particular,4.0
16312,Carcinicultura,97/2021,Efluente de carcinicultura,2021-01-15 00:00:00,2021-01-15 00:00:00,True,367,8.6,True,398,29.9,True,32,Zero,True,21,Ausente,True,496,0.03,True,402,0.14,True,403,0.344,True,39,9.9,True,544,0.83,False,0,,True,276434,pela Resolução CONAMA 430/2011 Art.16°.,Bacia de sedimentação,"Dentre as análises efetuadas, a amostra apresentou-se de acordo com os padrões estabelecidos pela Resolução CONAMA N.º 430/2011, Artigo 16°.",False,0,,False,0,,False,0,,False,0,,False,0,,False,0,,False,0,,False,0,,False,0,,False,0,,10,2021-01-30 09:20:56.001456,1.0,False,0,,False,0,,False,0,,False,0,,False,0,,"Padrões estabelecidos  pela Resolução CONAMA N° 430/11, Art. 16°.",True,True,,,,True,,,,,0.0,0.0,,0.0,0.0,,0.0,0.0,,0.0,0.0,,0.0,0.0,,11:00:00,15:29:00,Licenciamento,4.0
16315,Água doce Classe 2 - Ambiente Lótico,34/2021,Água do rio Pacoti,2021-01-04 00:00:00,2021-01-04 00:00:00,True,105,7.2,True,106,1.1,True,107,33,True,108,27.3,True,109,0.2,True,110,0.003,True,111,0.1,True,112,6,True,116,6.3,True,117,1,True,",",para Classe 2 pela Resolução CONAMA 357/05,Bacia Metropolitana - Sob a ponte na CE-354. Entre o vertedouro e a ponte de acesso à Barragem Durval. Redenção/CE.,"Dentre as análises efetuadas, a amostra apresentou o parâmetro <b> Fósforo total </b> em  desacordo com os padrões estabelecidos   pela Resolução CONAMA 357/05,para águas doces classe 2.",True,94,318,True,592,39.2,True,120,ND,True,558,387.3,True,588,85.4,True,591,Ausente,True,590,Ausente,True,589,85.4,True,538,0.15,True,517,ND,25,2021-02-10 14:52:32.182403,0.0,True,601,204,True,102,724,True,154,13,True,156,0.157,True,513,25.4,"Padrões estabelecidos pela Resolução CONAMA Nº. 357/05, para águas doces Classe 2. <b>(ND)</b> - Não Determinado.",True,True,529214.0,9533760.0,,True,,,,,0.0,0.0,,0.0,0.0,,0.0,0.0,,0.0,0.0,,0.0,0.0,,11:40:00,13:55:00,propria,20.0
16431,Resolução CONAMA 274/2000 - Balneabilidade,1166/2020,água do mar,2020-12-14 00:00:00,2020-12-14 00:00:00,False,0,,True,602,<10,False,0,,False,0,,False,0,,False,0,,False,0,,False,0,,False,0,,False,0,,True,",",Resolução CONAMA 274/2000,20C - Posto 20 - Entre o Aquário até o Espigão da rua João Cordeiro. Fortaleza/CE,"Dentre as análises efetuadas, a amostra apresentou-se de acordo com os padrões estabelecidos  Resolução CONAMA 274/2000",False,0,,False,0,,False,0,,False,0,,False,0,,False,0,,False,0,,False,0,,False,0,,False,0,,25,2021-04-09 16:51:34.496874,1.0,False,0,,False,0,,False,0,,False,0,,False,0,,Metodologia de acordo com a Resolução CONAMA Nº 274/2000.,True,True,553263.0,9588978.0,,False,,,,,0.0,0.0,,0.0,0.0,,0.0,0.0,,0.0,0.0,,0.0,0.0,,09:15:00,11:45:00,propria,25.0
16446,Água doce Classe 2 - Ambiente Lótico,,"Água superficial, corpo lótico",2021-03-02 00:00:00,2021-03-02 00:00:00,True,105,7.2,True,106,5.9,True,107,286,True,108,32.4,True,109,1.2,True,110,0,True,111,0.8,True,112,69,True,116,4.2,True,117,6,False,,para Classe 2 pela Resolução CONAMA 357/05,"Afluente do Rio Acaraú, lote do antigo curtume. Rua Espanha s/n. Sobral/CE.","Dentre as análises efetuadas, a amostra apresentou-se de acordo com os padrões estabelecidos  para Classe 2 pela Resolução CONAMA 357/05",True,118,54,True,592,,True,120,,True,121,,True,122,,False,0,,False,0,,False,0,,False,0,,False,0,,20,2021-04-12 13:50:43.714443,0.0,False,0,,False,0,,False,0,,False,0,,False,0,,"Padrões estabelecidos pela Resolução CONAMA Nº. 357/05, para águas doces Classe 2.   <b>(NMP)</b> - Número mais provável",False,False,,,,True,,,,,0.0,0.0,,0.0,0.0,,0.0,0.0,,0.0,0.0,,0.0,0.0,,10:00:00,18:10:00,Judicial/MP,20.0
16486,Resolução CONAMA 274/2000 - Balneabilidade,1253/2020,água do mar,2020-12-28 00:00:00,2020-12-28 00:00:00,False,0,,True,602,41,False,0,,False,0,,False,0,,False,0,,False,0,,False,0,,False,0,,False,0,,True,",",Resolução CONAMA 274/2000,03L - Posto 3 - Entre os Postos dos Bombeiros 06 e 07. Fortaleza/CE,"Dentre as análises efetuadas, a amostra apresentou-se de acordo com os padrões estabelecidos  Resolução CONAMA 274/2000",False,0,,False,0,,False,0,,False,0,,False,0,,False,0,,False,0,,False,0,,False,0,,False,0,,25,2021-06-08 09:28:02.556224,1.0,False,0,,False,0,,False,0,,False,0,,False,0,,Metodologia de acordo com a Resolução CONAMA Nº 274/2000.,True,True,561942.0,9584520.0,,False,,,,,0.0,0.0,,0.0,0.0,,0.0,0.0,,0.0,0.0,,0.0,0.0,,11:20:00,12:10:00,propria,25.0
16490,Resolução CONAMA 274/2000 - Balneabilidade,1257/2020,água do mar,2020-12-28 00:00:00,2020-12-28 00:00:00,False,0,,True,602,175,False,0,,False,0,,False,0,,False,0,,False,0,,False,0,,False,0,,False,0,,True,",",Resolução CONAMA 274/2000,07L - Posto 7 - Entre os Postos dos Bombeiros 02 e 03. Fortaleza/CE,Para avaliação do interessado,False,0,,False,0,,False,0,,False,0,,False,0,,False,0,,False,0,,False,0,,False,0,,False,0,,25,2021-06-08 09:36:02.514004,0.0,False,0,,False,0,,False,0,,False,0,,False,0,,Metodologia de acordo com a Resolução CONAMA Nº 274/2000.,True,True,560473.0,9587423.0,,False,,,,,0.0,0.0,,0.0,0.0,,0.0,0.0,,0.0,0.0,,0.0,0.0,,11:10:00,12:10:00,propria,25.0
16519,Resolução CONAMA 274/2000 - Balneabilidade,1197/2020,água do mar,2020-12-16 00:00:00,2020-12-16 00:00:00,False,0,,True,602,<10,False,0,,False,0,,False,0,,False,0,,False,0,,False,0,,False,0,,False,0,,True,",",Resolução CONAMA 274/2000,35LE - Presídio (Aquiraz),"Dentre as análises efetuadas, a amostra apresentou-se de acordo com os padrões estabelecidos  Resolução CONAMA 274/2000",False,0,,False,0,,False,0,,False,0,,False,0,,False,0,,False,0,,False,0,,False,0,,False,0,,25,2021-06-08 13:27:34.609507,1.0,False,0,,False,0,,False,0,,False,0,,False,0,,Metodologia de acordo com a Resolução CONAMA Nº 274/2000.,True,True,576466.0,9565422.0,,False,,,,,0.0,0.0,,0.0,0.0,,0.0,0.0,,0.0,0.0,,0.0,0.0,,10:41:00,12:10:00,propria,25.0
16690,"ART. 11º. Efluentes não sanitários, lançamento direto em corpo hídrico:",584/2021,Efluente não sanitário tratado,2021-05-11 00:00:00,2021-05-11 00:00:00,True,16,8.6,True,8,27.3,True,477,Ausência,True,473,ND,True,13,0.006,True,147,< 2,True,25,6,True,261,Zero,True,612,4.1,True,490,0.048,True,380362,Ressolução COEMA Nº 02/2017,Saída do Sistema Separador de Água e Óleo - S.A.O.,"Dentre as análises efetuadas, a amostra apresentou-se de acordo com os padrões estabelecidos  pela Ressolução COEMA Nº 02/2017, Artigo 11º.",True,497,20,False,0,,False,0,,False,0,,False,0,,False,0,,False,0,,False,0,,False,0,,False,0,,15,2021-06-21 11:52:32.141574,1.0,False,0,,False,0,,False,0,,False,0,,False,0,,"Padrões estabelecidos pela Resolução COEMA Nº. 02/2017, Art. 11º, para efluentes não sanitários, com lançamento direto em corpo hídrico.   <br><b>(NMP)</b> - Número Mais Provável.<b> (ND)</b> - Não Determinado.",True,True,,,,True,,,,,0.0,0.0,,0.0,0.0,,0.0,0.0,,0.0,0.0,,0.0,0.0,,12:34:00,13:15:00,Licenciamento,16.0
16716,Resolução CONAMA 274/2000 - Balneabilidade,51/2021,água do mar,2021-01-11 00:00:00,2021-01-11 00:00:00,False,0,,True,602,<10,False,0,,False,0,,False,0,,False,0,,False,0,,False,0,,False,0,,False,0,,True,",",Resolução CONAMA 274/2000,10L - Posto 10 - Entre o Farol até a rua Ismael Pordeus. Fortaleza/CE,"Dentre as análises efetuadas, a amostra apresentou-se de acordo com os padrões estabelecidos  Resolução CONAMA 274/2000",False,0,,False,0,,False,0,,False,0,,False,0,,False,0,,False,0,,False,0,,False,0,,False,0,,25,2021-06-15 10:58:16.530011,1.0,False,0,,False,0,,False,0,,False,0,,False,0,,Metodologia de acordo com a Resolução CONAMA Nº 274/2000.,True,True,559799.0,9588892.0,,False,,,,,0.0,0.0,,0.0,0.0,,0.0,0.0,,0.0,0.0,,0.0,0.0,,10:06:00,11:35:00,propria,25.0
16885,Resolução CONAMA 274/2000 - Balneabilidade,219/2021,água do mar,2021-02-01 00:00:00,2021-02-01 00:00:00,False,0,,True,602,<10,False,0,,False,0,,False,0,,False,0,,False,0,,False,0,,False,0,,False,0,,True,",",Resolução CONAMA 274/2000,16C - Ponto 16- Entre o Espigão da Desembargador Moreira até a volta da Jurema -Fortaleza/CE,"Dentre as análises efetuadas, a amostra apresentou-se de acordo com os padrões estabelecidos  Resolução CONAMA 274/2000",False,0,,False,0,,False,0,,False,0,,False,0,,False,0,,False,0,,False,0,,False,0,,False,0,,25,2021-07-09 11:16:29.012462,1.0,False,0,,False,0,,False,0,,False,0,,False,0,,Metodologia de acordo com a Resolução CONAMA Nº 274/2000.,True,True,556043.0,9588132.0,,False,,,,,0.0,0.0,,0.0,0.0,,0.0,0.0,,0.0,0.0,,0.0,0.0,,10:18:00,12:10:00,propria,25.0
16912,Lotico,886/2021,Água do Rio Acaraú,2021-06-29 00:00:00,2021-06-30 00:00:00,True,105,8.2,True,108,29.6,True,107,27,True,106,1.5,True,109,1.4,True,110,0.008,True,153,0.2,True,112,Zero,True,116,8,True,117,2,True,438355,Resolução CONAMA 357/05,Ponto central ao local da extração -Santana do Acaraú/CE,"Dentre as análises efetuadas, a amostra apresentou os parâmetros <b> Fósforo total </b> em desacordo com os padrões estabelecidos pela Resolução CONAMA nº 357/05 para águas doces, Classe 2.",True,516,368.5,True,592,48,True,616,52,True,120,ND,True,156,0.3,True,538,0.17,True,517,ND,True,434,28.5,True,601,236,True,102,350,25,2021-08-03 10:09:50.225034,0.0,False,0,,True,588,93.8,True,591,Ausente,True,590,Ausente,True,589,93.8,"Padrões estabelecidos pela Resolução CONAMA Nº. 357/05, para águas doces Classe 2, ambiente lótico.<br><b>(NMP)</b> - Número mais provável.      <b>ND</b> - Não Determinado.",True,True,360872.0,9611544.0,,True,,,,,0.0,0.0,,0.0,0.0,,0.0,0.0,,0.0,0.0,,0.0,0.0,,09:50:00,08:00:00,Judicial/MP,20.0
16932,Resolução CONAMA 274/2000 - Balneabilidade,269/2021,água do mar,2021-02-08 00:00:00,2021-02-08 00:00:00,False,0,,True,602,<10,False,0,,False,0,,False,0,,False,0,,False,0,,False,0,,False,0,,False,0,,True,",",Resolução CONAMA 274/2000,19C -Ponto 19- Entre os Espigões da rua João Cordeiro e Av. Rui Barbosa - Fortaleza/CE,"Dentre as análises efetuadas, a amostra apresentou-se de acordo com os padrões estabelecidos  Resolução CONAMA 274/2000",False,0,,False,0,,False,0,,False,0,,False,0,,False,0,,False,0,,False,0,,False,0,,False,0,,25,2021-07-13 10:47:45.046981,1.0,False,0,,False,0,,False,0,,False,0,,False,0,,Metodologia de acordo com a Resolução CONAMA Nº 274/2000.,True,True,554459.0,9588705.0,,False,,,,,0.0,0.0,,0.0,0.0,,0.0,0.0,,0.0,0.0,,0.0,0.0,,09:03:00,13:25:00,propria,25.0
16972,Resolução CONAMA 274/2000 - Balneabilidade,319/2021,água do mar,2021-02-15 00:00:00,2021-02-15 00:00:00,False,0,,True,602,10,False,0,,False,0,,False,0,,False,0,,False,0,,False,0,,False,0,,False,0,,True,",",Resolução CONAMA 274/2000,23O - Posto 23 - Entre a Av. Philomeno Gomes até a Rua Padre Mororó. Fortaleza/CE,"Dentre as análises efetuadas, a amostra apresentou-se de acordo com os padrões estabelecidos  Resolução CONAMA 274/2000",False,0,,False,0,,False,0,,False,0,,False,0,,False,0,,False,0,,False,0,,False,0,,False,0,,25,2021-07-16 14:35:27.96748,1.0,False,0,,False,0,,False,0,,False,0,,False,0,,Metodologia de acordo com a Resolução CONAMA Nº 274/2000.,True,True,550839.0,9589335.0,,False,,,,,0.0,0.0,,0.0,0.0,,0.0,0.0,,0.0,0.0,,0.0,0.0,,08:35:00,11:40:00,propria,25.0
17026,Resolução CONAMA 274/2000 - Balneabilidade,392/2021,água do mar,2021-02-22 00:00:00,2021-02-22 00:00:00,False,0,,True,602,<10,False,0,,False,0,,False,0,,False,0,,False,0,,False,0,,False,0,,False,0,,True,",",Resolução CONAMA 274/2000,30O - Posto 30 - Entre a foz do Rio Ceará até a Rua das Goiabeiras. Fortaleza/CE,"Dentre as análises efetuadas, a amostra apresentou-se de acordo com os padrões estabelecidos  Resolução CONAMA 274/2000",False,0,,False,0,,False,0,,False,0,,False,0,,False,0,,False,0,,False,0,,False,0,,False,0,,25,2021-07-22 16:14:31.108365,1.0,False,0,,False,0,,False,0,,False,0,,False,0,,Metodologia de acordo com a Resolução CONAMA Nº 274/2000.,True,True,546213.0,9591648.0,,False,,,,,0.0,0.0,,0.0,0.0,,0.0,0.0,,0.0,0.0,,0.0,0.0,,08:59:00,11:45:00,propria,25.0
17127,Resolução CONAMA 274/2000 - Balneabilidade,530/2021,água do mar,2021-05-04 00:00:00,2021-05-04 00:00:00,False,0,,True,602,233,False,0,,False,0,,False,0,,False,0,,False,0,,False,0,,False,0,,False,0,,True,",",Resolução CONAMA 274/2000,01L -  Posto 1 Entre o Posto dos Bombeiros 08 até a foz do Rio Cocó. Fortaleza/CE,Para avaliação do interessado.,False,0,,False,0,,False,0,,False,0,,False,0,,False,0,,False,0,,False,0,,False,0,,False,0,,25,2021-08-09 11:21:31.787287,0.0,False,0,,False,0,,False,0,,False,0,,False,0,,Metodologia de acordo com a Resolução CONAMA Nº 274/2000.,True,True,562570.0,9583587.0,,False,,,,,0.0,0.0,,0.0,0.0,,0.0,0.0,,0.0,0.0,,0.0,0.0,,11:08:00,11:30:00,propria,25.0
17200,"ART. 16º.  EFLUENTES NAÕ SANITÁRIOS, disposição no solo.",1213/2021,Efluente não sanitário tratado,2021-08-18 00:00:00,2021-08-19 00:00:00,True,16,7.1,True,8,32.2,True,261,Zero,True,477,Ausência,True,478,8.7,True,403,0.011,True,484,2.51,True,25,14,True,471,2525,True,147,53,True,443231,Ressolução COEMA Nº 02/2017,Saída da calha de chicanas,"Dentre as análises efetuadas, a amostra apresentou os parâmetros <b> Condutividade Elétrica e Coliformes Termotolerantes </b> em desacordo com os padrões estabelecidos pela Resolução COEMA Nº 02/2017, Artigo 16º.",True,473,ND,False,0,,True,690,17329,False,0,,False,0,,False,0,,False,0,,False,0,,False,0,,False,0,,20,2021-08-31 18:53:35.744735,0.0,False,0,,False,0,,False,0,,False,0,,False,0,,"Padrões estabelecidos pela Resolução COEMA N.º 02/2017, Art. 16º, para efluentes tratados, com disposição no solo.",True,True,,,,True,,,,,0.0,0.0,,0.0,0.0,,0.0,0.0,,0.0,0.0,,0.0,0.0,,10:50:00,09:22:00,Licenciamento,7.0
17266,Resolução CONAMA 274/2000 - Balneabilidade,601/2021,água do mar,2021-05-17 00:00:00,2021-05-17 00:00:00,False,0,,True,602,<10,False,0,,False,0,,False,0,,False,0,,False,0,,False,0,,False,0,,False,0,,True,",",Resolução CONAMA 274/2000,17C - Posto 17 - Entre a rua José Vilar e o Espigão da Desembargador Moreira. Fortaleza-CE,"Dentre as análises efetuadas, a amostra apresentou-se de acordo com os padrões estabelecidos  Resolução CONAMA 274/2000",False,0,,False,0,,False,0,,False,0,,False,0,,False,0,,False,0,,False,0,,False,0,,False,0,,25,2021-09-02 08:37:49.854315,1.0,False,0,,False,0,,False,0,,False,0,,False,0,,Metodologia de acordo com a Resolução CONAMA Nº 274/2000.,True,True,555401.0,9588274.0,,False,,,,,0.0,0.0,,0.0,0.0,,0.0,0.0,,0.0,0.0,,0.0,0.0,,10:22:00,12:11:00,propria,25.0
17276,Resolução CONAMA 274/2000 - Balneabilidade,611/2021,água do mar,2021-05-17 00:00:00,2021-05-17 00:00:00,False,0,,True,602,1137,False,0,,False,0,,False,0,,False,0,,False,0,,False,0,,False,0,,False,0,,True,",",Resolução CONAMA 274/2000,27O - Posto 27 - Entre a Rua Seis Companheiros até a Rua Francisco Calaça. Fortaleza-CE,Para avaliação do interessado.,False,0,,False,0,,False,0,,False,0,,False,0,,False,0,,False,0,,False,0,,False,0,,False,0,,25,2021-09-02 08:18:11.017965,0.0,False,0,,False,0,,False,0,,False,0,,False,0,,Metodologia de acordo com a Resolução CONAMA Nº 274/2000.,True,True,547504.0,9590928.0,,False,,,,,0.0,0.0,,0.0,0.0,,0.0,0.0,,0.0,0.0,,0.0,0.0,,09:28:00,12:11:00,propria,25.0
17288,Resolução CONAMA 274/2000 - Balneabilidade,630/2021,água do mar,2021-05-24 00:00:00,2021-05-24 00:00:00,False,0,,True,602,455,False,0,,False,0,,False,0,,False,0,,False,0,,False,0,,False,0,,False,0,,True,",",Resolução CONAMA 274/2000,08L - Posto 8 - Entre os Postos dos Bombeiros 01 e 02. Fortaleza/CE,Para avaliação do interessado.,False,0,,False,0,,False,0,,False,0,,False,0,,False,0,,False,0,,False,0,,False,0,,False,0,,25,2021-09-08 15:11:39.012973,0.0,False,0,,False,0,,False,0,,False,0,,False,0,,Metodologia de acordo com a Resolução CONAMA Nº 274/2000.,True,True,560195.0,9587968.0,,False,,,,,0.0,0.0,,0.0,0.0,,0.0,0.0,,0.0,0.0,,0.0,0.0,,11:29:00,12:24:00,propria,25.0
17310,Resolução CONAMA 274/2000 - Balneabilidade,677/2021,água do mar,2021-06-01 00:00:00,2021-06-01 00:00:00,False,0,,True,602,10,False,0,,False,0,,False,0,,False,0,,False,0,,False,0,,False,0,,False,0,,True,",",Resolução CONAMA 274/2000,01L -  Posto 1 Entre o Posto dos Bombeiros 08 até a foz do Rio Cocó. Fortaleza/CE,"Dentre as análises efetuadas, a amostra apresentou-se de acordo com os padrões estabelecidos  Resolução CONAMA 274/2000",False,0,,False,0,,False,0,,False,0,,False,0,,False,0,,False,0,,False,0,,False,0,,False,0,,25,2021-09-10 13:51:35.095156,1.0,False,0,,False,0,,False,0,,False,0,,False,0,,Metodologia de acordo com a Resolução CONAMA Nº 274/2000.,True,True,562570.0,9583587.0,,False,,,,,0.0,0.0,,0.0,0.0,,0.0,0.0,,0.0,0.0,,0.0,0.0,,10:53:00,11:33:00,propria,25.0
17369,"ART. 24º. Efluentes não sanitários, lançamento em Rede coletora de esgoto. Coema nº 02/2017",1498/2021,Efluente não sanitario tratado,2021-04-30 00:00:00,2021-04-30 00:00:00,True,6,8.9,True,8,24.6,True,3,Zero,True,454,23.2,True,495,204,True,493,ND,True,417,190,True,13,0.147,True,496,672.2,False,0,,True,436620,Ressolução COEMA Nº 02/2017,Saída do Sistema Separador de Água e Óleo - S.A.O.,"Dentre as análises efetuadas, a amostra apresentou o parâmetro <b> Nitrogênio Amoniacal Total </b>em desacordo com o padrão estabelecido pela Resolução COEMA Nº 02/2017, Artigo 24º.",False,0,,False,0,,False,0,,False,0,,False,0,,False,0,,False,0,,False,0,,False,0,,False,0,,15,2021-10-13 07:57:43.255698,0.0,False,0,,False,0,,False,0,,False,0,,False,0,,"Padrões estabelecidos pela Resolução COEMA N.º 02/2017, Art. 24º, para efluentes não sanitários, com lançamento em rede pública coletora de esgoto. <br> <b> (NMP)</b> - Número Mais Provável. <b> (ND) </b> - Não Determinado.",True,True,,,,True,,,,,0.0,0.0,,0.0,0.0,,0.0,0.0,,0.0,0.0,,0.0,0.0,,10:40:00,11:40:00,Particular,16.0
